{
  "Jinxes": [],
  "Roles": [
    "M\u00F6nch",
    "Trunkenbold",
    "Imp",
    "Waschweib",
    "Detektiv",
    "Wahrsagerin",
    "D\u00E4monenj\u00E4ger",
    "B\u00FCrgermeister",
    "Heilige",
    "Giftmischer",
    "Scharlachrote Frau"
  ],
  "NightOrder": {
    "FirstNight": [
      {
        "Rolename": "General Info",
        "NightInformation": "Vergewissere dich, dass alle die Augen geschlossen haben"
      },
      {
        "Rolename": "Giftmischer",
        "NightInformation": "Der Giftmischer w\u00E4hlt einen Spieler"
      },
      {
        "Rolename": "Waschweib",
        "NightInformation": "Zeige das B\u00FCrger-Pl\u00E4ttchen. Zeige auf den B\u00DCRGER \u0026 FALSCH"
      },
      {
        "Rolename": "Detektiv",
        "NightInformation": "Zeige das Schergen/Minion-Pl\u00E4ttchen. Zeige auf den SCHERGE \u0026 FALSCH"
      },
      {
        "Rolename": "Wahrsagerin",
        "NightInformation": "Spieler w\u00E4hlt 2 Spieler. Falls D\u00E4mon oder FALSCHE F\u00C4HRE, Nicke"
      },
      {
        "Rolename": "General Info",
        "NightInformation": "Morgend\u00E4mmerung. Warte ein paar Sekunden, dann Wecke alle\r\nErz\u00E4hle wer gestorben ist"
      }
    ],
    "OtherNights": [
      {
        "Rolename": "General Info",
        "NightInformation": "Vergewissere dich, dass alle die Augen geschlossen haben"
      },
      {
        "Rolename": "Giftmischer",
        "NightInformation": "Der Giftmischer w\u00E4hlt einen Spieler"
      },
      {
        "Rolename": "M\u00F6nch",
        "NightInformation": "Der M\u00F6nch w\u00E4hlt einen Spieler"
      },
      {
        "Rolename": "Scharlachrote Frau",
        "NightInformation": "Falls der Spieler zum Imp wurde, zeig Ihm das \u0022DU BIST\u0022 Pl\u00E4ttchen mit dem Imp Pl\u00E4ttchen"
      },
      {
        "Rolename": "Imp",
        "NightInformation": "Der Imp w\u00E4hlt einen Spieler, dieser Stirbt\r\n\tFalls sich selbst, wird ein Scherge/Minion zum Imp."
      },
      {
        "Rolename": "Wahrsagerin",
        "NightInformation": "Spieler w\u00E4hlt 2 Spieler. Falls D\u00E4mon oder FALSCHE F\u00C4HRTE, Nicke"
      },
      {
        "Rolename": "General Info",
        "NightInformation": "Morgend\u00E4mmerung. Warte ein paar Sekunden, dann Wecke alle\r\nErz\u00E4hle wer gestorben ist"
      }
    ]
  },
  "ScriptName": "Teensy Brewing",
  "ScriptAuthor": "Daniel"
}