[
  {
    "RoleA": "Bounty Hunter",
    "RoleB": "Kazali",
    "JinxText": "An evil Townsfolk is only created if the Bounty Hunter is still in play after the Kazali acts."
  },
  {
    "RoleA": "Bounty Hunter",
    "RoleB": "Philosoph",
    "JinxText": "If the Philosopher gains the Bounty Hunter ability, a Townsfolk might turn evil."
  },
  {
    "RoleA": "Cannibal",
    "RoleB": "Butler",
    "JinxText": "If the Cannibal gains the Butler ability, the Cannibal learns this."
  },
  {
    "RoleA": "Cannibal",
    "RoleB": "Jongleur",
    "JinxText": "If the Juggler guesses on their first day and dies by execution, tonight the living Cannibal learns how many guesses the Juggler got correct."
  },
  {
    "RoleA": "Cannibal",
    "RoleB": "Poppy Grower",
    "JinxText": "If the Cannibal eats the Poppy Grower, then dies or loses the Poppy Grower ability, the Demon and Minions learn each other that night."
  },
  {
    "RoleA": "Cannibal",
    "RoleB": "Zealot",
    "JinxText": "If the Cannibal gains the Zealot ability, the Cannibal learns this."
  },
  {
    "RoleA": "Mathematiker",
    "RoleB": "Kammerzofe",
    "JinxText": "The Chambermaid learns if the Mathematician wakes tonight or not, even though the Chambermaid wakes first."
  },
  {
    "RoleA": "Mathematiker",
    "RoleB": "Verr\u00FCckte",
    "JinxText": "The Mathematician learns if the Lunatic attacks a different player(s) than the real Demon attacked."
  },
  {
    "RoleA": "Butler",
    "RoleB": "Organ Grinder",
    "JinxText": "If the Organ Grinder is causing eyes closed voting, the Butler may raise their hand to vote but their vote is only counted if their master voted too."
  },
  {
    "RoleA": "Heretic",
    "RoleB": "Baron",
    "JinxText": "The Baron might only add 1 Outsider, not 2."
  },
  {
    "RoleA": "Heretic",
    "RoleB": "Boffin",
    "JinxText": "The Demon cannot have the Heretic ability."
  },
  {
    "RoleA": "Heretic",
    "RoleB": "Pate",
    "JinxText": "Only 1 jinxed character can be in play."
  },
  {
    "RoleA": "Heretic",
    "RoleB": "Lleech",
    "JinxText": "If the Lleech has poisoned the Heretic then the Lleech dies, the Heretic remains poisoned."
  },
  {
    "RoleA": "Heretic",
    "RoleB": "Grubenweib",
    "JinxText": "A Pit-Hag can not create a Heretic."
  },
  {
    "RoleA": "Heretic",
    "RoleB": "Spion",
    "JinxText": "Only 1 jinxed character can be in play."
  },
  {
    "RoleA": "Heretic",
    "RoleB": "Widow",
    "JinxText": "Only 1 jinxed character can be in play."
  },
  {
    "RoleA": "Ogre",
    "RoleB": "Einsiedler",
    "JinxText": "If the Recluse registers as evil to the Ogre, the Ogre learns that they are evil."
  },
  {
    "RoleA": "Plague Doctor",
    "RoleB": "Baron",
    "JinxText": "If the Storyteller gains the Baron ability, up to two players become not-in-play Outsiders."
  },
  {
    "RoleA": "Plague Doctor",
    "RoleB": "Boomdandy",
    "JinxText": "If the Plague Doctor is executed and the Storyteller would gain the Boomdandy ability, the Boomdandy ability triggers immediately."
  },
  {
    "RoleA": "Plague Doctor",
    "RoleB": "B\u00F6ser Zwilling",
    "JinxText": "The Storyteller cannot gain the Evil Twin ability if the Plague Doctor dies."
  },
  {
    "RoleA": "Plague Doctor",
    "RoleB": "Fearmonger",
    "JinxText": "If the Plague Doctor dies, a living Minion gains the Fearmonger ability in addition to their own ability, and learns this."
  },
  {
    "RoleA": "Plague Doctor",
    "RoleB": "Goblin",
    "JinxText": "If the Plague Doctor dies, a living Minion gains the Goblin ability in addition to their own ability, and learns this."
  },
  {
    "RoleA": "Plague Doctor",
    "RoleB": "Marionette",
    "JinxText": "If the Demon has a neighbor who is alive and a Townsfolk or Outsider when the Plague Doctor dies, that player becomes an evil Marionette. If there is already an extra evil player, this does not happen."
  },
  {
    "RoleA": "Plague Doctor",
    "RoleB": "Scharlachrote Frau",
    "JinxText": "If the Plague Doctor dies, a living Minion gains the Scarlet Woman ability in addition to their own ability, and learns this."
  },
  {
    "RoleA": "Plague Doctor",
    "RoleB": "Spion",
    "JinxText": "If the Plague Doctor dies, a living Minion gains the Spy ability in addition to their own ability, and learns this."
  },
  {
    "RoleA": "Boffin",
    "RoleB": "Alchemist",
    "JinxText": "If the Alchemist has the Boffin ability, the Alchemist does not learn what ability the Demon has."
  },
  {
    "RoleA": "Boffin",
    "RoleB": "Cult Leader",
    "JinxText": "If the Demon has the Cult Leader ability, they can\u2019t turn good due to this ability."
  },
  {
    "RoleA": "Boffin",
    "RoleB": "Trunkenbold",
    "JinxText": "If the Demon would have the Drunk ability, the Boffin chooses a Townsfolk player to have this ability instead."
  },
  {
    "RoleA": "Boffin",
    "RoleB": "Schl\u00E4ger",
    "JinxText": "If the Demon has the Goon ability, they can\u2019t turn good due to this ability."
  },
  {
    "RoleA": "Boffin",
    "RoleB": "Ogre",
    "JinxText": "The Demon cannot have the Ogre ability."
  },
  {
    "RoleA": "Boffin",
    "RoleB": "Politician",
    "JinxText": "The Demon cannot have the Politician ability."
  },
  {
    "RoleA": "Boffin",
    "RoleB": "Village Idiot",
    "JinxText": "If there is a spare token, the Boffin can give the Demon the Village Idiot ability."
  },
  {
    "RoleA": "Cerenovus",
    "RoleB": "Goblin",
    "JinxText": "The Cerenovus may choose to make a player mad that they are the Goblin."
  },
  {
    "RoleA": "Marionette",
    "RoleB": "Balloonist",
    "JinxText": "If the Marionette thinks that they are the Balloonist, \u002B1 Outsider might have been added."
  },
  {
    "RoleA": "Marionette",
    "RoleB": "Damsel",
    "JinxText": "The Marionette does not learn that a Damsel is in play."
  },
  {
    "RoleA": "Marionette",
    "RoleB": "Huntsman",
    "JinxText": "If the Marionette thinks that they are the Huntsman, the Damsel was added."
  },
  {
    "RoleA": "Marionette",
    "RoleB": "Lil\u0027 Monsta",
    "JinxText": "The Marionette neighbors a Minion, not the Demon. The Marionette is not woken to choose who takes the Lil\u0027 Monsta token, and does not learn they are the Marionette if they have the Lil\u0027 Monsta token."
  },
  {
    "RoleA": "Marionette",
    "RoleB": "Poppy Grower",
    "JinxText": "When the Poppy Grower dies, the Demon learns the Marionette but the Marionette learns nothing."
  },
  {
    "RoleA": "Marionette",
    "RoleB": "Snitch",
    "JinxText": "The Marionette does not learn 3 not in-play characters. The Demon learns an extra 3 instead."
  },
  {
    "RoleA": "Strippenzieher",
    "RoleB": "Al-Hadikhia",
    "JinxText": "If the Al-Hadikhia dies by execution, and the Mastermind is alive, the Al-Hadikhia chooses 3 good players tonight"
  },
  {
    "RoleA": "Grubenweib",
    "RoleB": "Cult Leader",
    "JinxText": "If the Pit-Hag turns an evil player into the Cult Leader, they can\u0027t turn good due to their own ability."
  },
  {
    "RoleA": "Grubenweib",
    "RoleB": "Damsel",
    "JinxText": "If a Pit-Hag creates a Damsel, the Storyteller chooses which player it is."
  },
  {
    "RoleA": "Grubenweib",
    "RoleB": "Schl\u00E4ger",
    "JinxText": "If the Pit-Hag turns an evil player into the Goon, they can\u0027t turn good due to their own ability."
  },
  {
    "RoleA": "Grubenweib",
    "RoleB": "Ogre",
    "JinxText": "If the Pit-Hag turns an evil player into the Ogre, they can\u0027t turn good due to their own ability."
  },
  {
    "RoleA": "Grubenweib",
    "RoleB": "Politician",
    "JinxText": "If the Pit-Hag turns an evil player into the Politician, they can\u0027t turn good due to their own ability."
  },
  {
    "RoleA": "Grubenweib",
    "RoleB": "Village Idiot",
    "JinxText": "If there is a spare token, the Pit-Hag can create an extra Village Idiot. If so, the drunk Village Idiot might change."
  },
  {
    "RoleA": "Scharlachrote Frau",
    "RoleB": "Al-Hadikhia",
    "JinxText": "If there are two living Al-Hadikhias, the Scarlet Woman Al-Hadikhia becomes the Scarlet Woman again."
  },
  {
    "RoleA": "Scharlachrote Frau",
    "RoleB": "Fang Gu",
    "JinxText": "If the Fang Gu chooses an Outsider and dies, the Scarlet Woman does not become the Fang Gu."
  },
  {
    "RoleA": "Spion",
    "RoleB": "Alchemist",
    "JinxText": "If the Alchemist has the Spy ability, they do not see the Grimoire, and the real Spy cannot register falsely."
  },
  {
    "RoleA": "Spion",
    "RoleB": "Damsel",
    "JinxText": "If the Spy is (or has been) in play, the Damsel is poisoned."
  },
  {
    "RoleA": "Spion",
    "RoleB": "Magician",
    "JinxText": "When the Spy sees the Grimoire, the Demon and Magician\u0027s character tokens are removed."
  },
  {
    "RoleA": "Spion",
    "RoleB": "Ogre",
    "JinxText": "The Spy registers as evil to the Ogre."
  },
  {
    "RoleA": "Spion",
    "RoleB": "Poppy Grower",
    "JinxText": "If the Poppy Grower is in play, the Spy does not see the Grimoire until the Poppy Grower dies."
  },
  {
    "RoleA": "Summoner",
    "RoleB": "Alchemist",
    "JinxText": "If there is an Alchemist-Summoner in play, the game starts with a Demon in play, as normal. If the Alchemist-Summoner chooses a player, they make that player a Demon but do not change their alignment."
  },
  {
    "RoleA": "Summoner",
    "RoleB": "Uhrmacher",
    "JinxText": "If the Summoner is in play, the Clockmaker does not receive their information until a Demon is created."
  },
  {
    "RoleA": "Summoner",
    "RoleB": "H\u00F6fling",
    "JinxText": "If the Summoner is drunk on the 3rd night, the Summoner chooses which Demon, but the Storyteller chooses which player."
  },
  {
    "RoleA": "Summoner",
    "RoleB": "Engineer",
    "JinxText": "If the Engineer removes a Summoner from play before that Summoner uses their ability, the Summoner uses their ability immediately."
  },
  {
    "RoleA": "Summoner",
    "RoleB": "Hatter",
    "JinxText": "The Summoner cannot create an in-play Demon. If the Summoner creates a not-in-play Demon, deaths tonight are arbitrary."
  },
  {
    "RoleA": "Summoner",
    "RoleB": "Kazali",
    "JinxText": "The Summoner cannot create an in-play Demon. If the Summoner creates a not-in-play Demon, deaths tonight are arbitrary."
  },
  {
    "RoleA": "Summoner",
    "RoleB": "Legion",
    "JinxText": "If the Summoner creates Legion, most players (including all evil players) become evil Legion."
  },
  {
    "RoleA": "Summoner",
    "RoleB": "Lord of Typhon",
    "JinxText": "If the Summoner creates a Lord of Typhon, the Lord of Typhon must neighbor a Minion. The other neighbor becomes a not-in-play evil Minion."
  },
  {
    "RoleA": "Summoner",
    "RoleB": "Marionette",
    "JinxText": "The Marionette neighbors the Summoner. The Summoner knows who the Marionette is."
  },
  {
    "RoleA": "Summoner",
    "RoleB": "Grubenweib",
    "JinxText": "The Summoner cannot create an in-play Demon. If the Summoner creates a not-in-play Demon, deaths tonight are arbitrary."
  },
  {
    "RoleA": "Summoner",
    "RoleB": "Poppy Grower",
    "JinxText": "If the Poppy Grower is alive when the Summoner acts, the Summoner chooses which Demon, but the Storyteller chooses which player."
  },
  {
    "RoleA": "Summoner",
    "RoleB": "Preacher",
    "JinxText": "If the Preacher chose the Summoner on or before the 3rd night, the Summoner chooses which Demon, but the Storyteller chooses which player."
  },
  {
    "RoleA": "Summoner",
    "RoleB": "Pukka",
    "JinxText": "The Summoner may choose a player to become the Pukka on the 2nd night."
  },
  {
    "RoleA": "Summoner",
    "RoleB": "Zombuul",
    "JinxText": "If the Summoner turns a dead player into the Zombuul, the Storyteller treats that player as a Zombuul that has died once."
  },
  {
    "RoleA": "Vizier",
    "RoleB": "Alsaahir",
    "JinxText": "If the Vizier is in play, the Alsaahir must also guess which Demon(s) are in play."
  },
  {
    "RoleA": "Vizier",
    "RoleB": "H\u00F6fling",
    "JinxText": "If the Vizier loses their ability, they learn this. If the Vizier is executed while they have their ability, their team wins."
  },
  {
    "RoleA": "Vizier",
    "RoleB": "Fearmonger",
    "JinxText": "The Vizier wakes with the Fearmonger, learns who they choose and cannot choose to immediately execute that player."
  },
  {
    "RoleA": "Vizier",
    "RoleB": "Detektiv",
    "JinxText": "If the Investigator learns that the Vizier is in play, the existence of the Vizier is not announced by the Storyteller."
  },
  {
    "RoleA": "Vizier",
    "RoleB": "Magician",
    "JinxText": "If the Vizier and Magician are both in play, the Demon does not learn the Minions."
  },
  {
    "RoleA": "Vizier",
    "RoleB": "Politician",
    "JinxText": "The Politician might register as evil to the Vizier."
  },
  {
    "RoleA": "Vizier",
    "RoleB": "Preacher",
    "JinxText": "If the Vizier loses their ability, they learn this. If the Vizier is executed while they have their ability, their team wins."
  },
  {
    "RoleA": "Vizier",
    "RoleB": "Zealot",
    "JinxText": "The Zealot might register as evil to the Vizier."
  },
  {
    "RoleA": "Widow",
    "RoleB": "Alchemist",
    "JinxText": "If the Alchemist has the Widow ability, they do not see the Grimoire."
  },
  {
    "RoleA": "Widow",
    "RoleB": "Damsel",
    "JinxText": "If the Widow is (or has been) in play, the Damsel is poisoned."
  },
  {
    "RoleA": "Widow",
    "RoleB": "Magician",
    "JinxText": "When the Widow sees the Grimoire, the Demon and Magician\u0027s character tokens are removed."
  },
  {
    "RoleA": "Widow",
    "RoleB": "Poppy Grower",
    "JinxText": "If the Poppy Grower is in play, the Widow does not see the Grimoire until the Poppy Grower dies."
  },
  {
    "RoleA": "Kazali",
    "RoleB": "Choir Boy",
    "JinxText": "The Kazali can not choose the King to become a Minion if a Choirboy is in play."
  },
  {
    "RoleA": "Kazali",
    "RoleB": "Schl\u00E4ger",
    "JinxText": "The Kazali can choose that the Goon player is one of their evil Minions."
  },
  {
    "RoleA": "Kazali",
    "RoleB": "Huntsman",
    "JinxText": "If the Kazali chooses the Damsel to become a Minion, and a Huntsman is in play, a good player becomes the Damsel."
  },
  {
    "RoleA": "Kazali",
    "RoleB": "Marionette",
    "JinxText": "If the Kazali chooses to create a Marionette, they must choose one of their neighbors."
  },
  {
    "RoleA": "Kazali",
    "RoleB": "Soldat",
    "JinxText": "The Kazali can choose that the Soldier player is one of their evil Minions."
  },
  {
    "RoleA": "Legion",
    "RoleB": "Engineer",
    "JinxText": "Legion and the Engineer can not both be in play at the start of the game. If the Engineer creates Legion, most players (including all evil players) become evil Legion."
  },
  {
    "RoleA": "Legion",
    "RoleB": "Hatter",
    "JinxText": "If the Hatter dies and Legion is in play, nothing happens. If the Hatter dies and an evil player chooses Legion, all current evil players become Legion."
  },
  {
    "RoleA": "Legion",
    "RoleB": "Minnes\u00E4nger",
    "JinxText": "If Legion died by execution today, Legion keeps their ability, but the Minstrel might learn they are Legion."
  },
  {
    "RoleA": "Legion",
    "RoleB": "Preacher",
    "JinxText": "If the Preacher chooses Legion, Legion keeps their ability, but the Preacher might learn they are Legion."
  },
  {
    "RoleA": "Legion",
    "RoleB": "Zealot",
    "JinxText": "The Zealot might register as evil to Legion\u0027s ability."
  },
  {
    "RoleA": "Leviathan",
    "RoleB": "Banshee",
    "JinxText": "Each night*, the Leviathan chooses an alive good player (different to previous nights)"
  },
  {
    "RoleA": "Leviathan",
    "RoleB": "Exorzist",
    "JinxText": "Evil does not win when more than 1 good player has been executed, if the Exorcist is alive and has ever successfully chosen the Leviathan."
  },
  {
    "RoleA": "Leviathan",
    "RoleB": "Farmer",
    "JinxText": "Each night*, the Leviathan chooses an alive good player (different to previous nights)"
  },
  {
    "RoleA": "Leviathan",
    "RoleB": "Gro\u00DFmutter",
    "JinxText": "If Leviathan is in play and the Grandchild dies by execution, evil wins."
  },
  {
    "RoleA": "Leviathan",
    "RoleB": "Hatter",
    "JinxText": "If the Hatter dies on or after day 5, the Demon cannot choose Leviathan."
  },
  {
    "RoleA": "Leviathan",
    "RoleB": "Gastwirt",
    "JinxText": "If the Leviathan is in play, the Innkeeper-protected-players are safe from all evil abilities."
  },
  {
    "RoleA": "Leviathan",
    "RoleB": "King",
    "JinxText": "If the Leviathan is in play, and at least 1 player is dead, the King learns an alive character each night."
  },
  {
    "RoleA": "Leviathan",
    "RoleB": "B\u00FCrgermeister",
    "JinxText": "If the Leviathan is in play \u0026 no execution occurs on day 5, good wins."
  },
  {
    "RoleA": "Leviathan",
    "RoleB": "M\u00F6nch",
    "JinxText": "If the Leviathan is in play, the Monk-protected-player is safe from all evil abilities."
  },
  {
    "RoleA": "Leviathan",
    "RoleB": "Grubenweib",
    "JinxText": "After day 5, the Pit-Hag cannot choose Leviathan."
  },
  {
    "RoleA": "Leviathan",
    "RoleB": "Rabenh\u00FCter",
    "JinxText": "Each night*, the Leviathan chooses an alive player (different to previous nights)"
  },
  {
    "RoleA": "Leviathan",
    "RoleB": "Weise",
    "JinxText": "Each night*, the Leviathan chooses an alive good player (different to previous nights)"
  },
  {
    "RoleA": "Leviathan",
    "RoleB": "Soldat",
    "JinxText": "If the Leviathan is in play, the Soldier is safe from all evil abilities."
  },
  {
    "RoleA": "Lil\u0027 Monsta",
    "RoleB": "Hatter",
    "JinxText": "If a Demon chooses Lil\u0027 Monsta, they also choose a Minion to become and babysit Lil\u0027 Monsta tonight."
  },
  {
    "RoleA": "Lil\u0027 Monsta",
    "RoleB": "Magician",
    "JinxText": "Each night, the Magician chooses a Minion"
  },
  {
    "RoleA": "Lil\u0027 Monsta",
    "RoleB": "Poppy Grower",
    "JinxText": "If the Poppy Grower is in play, Minions don\u0027t wake together. They are woken one by one, until one of them chooses to take the Lil\u0027 Monsta token."
  },
  {
    "RoleA": "Lil\u0027 Monsta",
    "RoleB": "Scharlachrote Frau",
    "JinxText": "If there are 5 or more players alive and the player holding the Lil\u0027 Monsta token dies, the Scarlet Woman is given the Lil\u0027 Monsta token tonight."
  },
  {
    "RoleA": "Lil\u0027 Monsta",
    "RoleB": "Vizier",
    "JinxText": "The Vizier can die by execution if they are babysitting Lil\u0027 Monsta."
  },
  {
    "RoleA": "Lleech",
    "RoleB": "Strippenzieher",
    "JinxText": "If the Mastermind is alive and the Lleech\u0027s host dies by execution, the Lleech lives but loses their ability."
  },
  {
    "RoleA": "Lleech",
    "RoleB": "D\u00E4monenj\u00E4ger",
    "JinxText": "If the Slayer slays the Lleech\u0027s host, the host dies."
  },
  {
    "RoleA": "Riot",
    "RoleB": "Banshee",
    "JinxText": "Each night*, Riot chooses an alive good player (different to previous nights)"
  },
  {
    "RoleA": "Riot",
    "RoleB": "Exorzist",
    "JinxText": "If the Exorcist chooses Riot on the 3rd night, Minions do not become Riot."
  },
  {
    "RoleA": "Riot",
    "RoleB": "Farmer",
    "JinxText": "Each night*, Riot chooses an alive good player (different to previous nights)"
  },
  {
    "RoleA": "Riot",
    "RoleB": "Gro\u00DFmutter",
    "JinxText": "If Riot is in play and the Grandchild dies during the day, the Grandmother dies too."
  },
  {
    "RoleA": "Riot",
    "RoleB": "Gastwirt",
    "JinxText": "If Riot is in play, the Innkeeper-protected player is safe from all evil abilities."
  },
  {
    "RoleA": "Riot",
    "RoleB": "King",
    "JinxText": "If Riot is in play, and at least 1 player is dead, the King learns an alive character each night."
  },
  {
    "RoleA": "Riot",
    "RoleB": "B\u00FCrgermeister",
    "JinxText": "The Mayor may choose to stop nominations. If they do so when only 1 Riot is alive, good wins. Otherwise, evil wins."
  },
  {
    "RoleA": "Riot",
    "RoleB": "M\u00F6nch",
    "JinxText": "If Riot is in play, the Monk-protected player is safe from all evil abilities."
  },
  {
    "RoleA": "Riot",
    "RoleB": "Rabenh\u00FCter",
    "JinxText": "Each night*, Riot chooses an alive good player (different to previous nights)"
  },
  {
    "RoleA": "Riot",
    "RoleB": "Weise",
    "JinxText": "Each night*, Riot chooses an alive good player (different to previous nights)"
  },
  {
    "RoleA": "Riot",
    "RoleB": "Soldat",
    "JinxText": "If Riot is in play, the Soldier is safe from all evil abilities."
  },
  {
    "RoleA": "Vortox",
    "RoleB": "Banshee",
    "JinxText": "If the Vortox is in play and the Demon kills the Banshee, the players still learn that the Banshee has died."
  },
  {
    "RoleA": "Yaggababble",
    "RoleB": "Exorzist",
    "JinxText": "If the Exorcist chooses the Yaggababble, the Yaggababble ability does not kill tonight."
  }
]