[
  {
    "EnglishOriginalRoleName": "monk",
    "RoleName": "M\u00F6nch",
    "RoleIconURL": "https://wiki.bloodontheclocktower.com/images/7/7c/Icon_monk.png",
    "RoleAbilityText": "W\u00E4hle jede Nacht * 1 Spieler (nicht du selbst): Er ist heute Nacht sicher vor dem D\u00E4mon.",
    "FirstNight": "",
    "OtherNights": "Der M\u00F6nch w\u00E4hlt einen Spieler.",
    "RoleType": 0
  },
  {
    "EnglishOriginalRoleName": "virgin",
    "RoleName": "Jungfrau",
    "RoleIconURL": "https://wiki.bloodontheclocktower.com/images/d/d3/Icon_virgin.png",
    "RoleAbilityText": "Wenn du zum 1. Mal nominiert wirst: Falls der Nominierende ein B\u00FCrger ist, wird er sofort hingerichtet.",
    "FirstNight": null,
    "OtherNights": null,
    "RoleType": 0
  },
  {
    "EnglishOriginalRoleName": "drunk",
    "RoleName": "Trunkenbold",
    "RoleIconURL": "https://wiki.bloodontheclocktower.com/images/4/4a/Icon_drunk.png",
    "RoleAbilityText": "Du wei\u00DFt nicht, dass du der Trunkenbold bist. Du denkst, dass du ein B\u00FCrger-Charakter bist, aber das stimmt nicht.",
    "FirstNight": null,
    "OtherNights": null,
    "RoleType": 1
  },
  {
    "EnglishOriginalRoleName": "spy",
    "RoleName": "Spion",
    "RoleIconURL": "https://wiki.bloodontheclocktower.com/images/5/54/Icon_spy.png",
    "RoleAbilityText": "Jede Nacht siehst du das Grimoire. Du erscheinst m\u00F6glicherweise als gut \u0026 als ein B\u00FCrger oder Au\u00DFenseiter, sogar wenn du tot bist.",
    "FirstNight": "Zeige dem Spion das Grimorie so lange, wie er es braucht.",
    "OtherNights": "Zeige dem Spion das Grimorie so lange, wie er es braucht.",
    "RoleType": 2
  },
  {
    "EnglishOriginalRoleName": "imp",
    "RoleName": "Imp",
    "RoleIconURL": "https://wiki.bloodontheclocktower.com/images/5/5c/Icon_imp.png",
    "RoleAbilityText": "W\u00E4hle jede Nacht* 1 Spieler: Er stirbt. Falls du dich damit selbst t\u00F6test, wird ein Scherge zum Imp.",
    "FirstNight": "",
    "OtherNights": "Der Imp w\u00E4hlt einen Spieler. Falls der Imp sich selbst w\u00E4hlt: Ersetze das Pl\u00E4ttchen eines lebendigen Schergen durch ein zus\u00E4tzliches Imppl\u00E4ttchen. Lasse de bisherigen Imp einschalfen. Wecke den neuen Imp. Zeige das DU BIST Pl\u00E4ttchen, dann zeige das Imppl\u00E4ttchen.",
    "RoleType": 3
  },
  {
    "EnglishOriginalRoleName": "washerwoman",
    "RoleName": "Waschweib",
    "RoleIconURL": "https://wiki.bloodontheclocktower.com/images/8/85/Icon_washerwoman.png",
    "RoleAbilityText": "Du wei\u00DFt zu Beginn, dass 1 von 2 Spielern ein bestimmter B\u00FCrger ist.",
    "FirstNight": "Zeige das B\u00FCrger-Pl\u00E4ttchen. Zeige auf den B\u00FCrger und auf den B\u00DCRGER und auf den FALSCHen Spieler.",
    "OtherNights": "",
    "RoleType": 0
  },
  {
    "EnglishOriginalRoleName": "librarian",
    "RoleName": "Bibliothekar",
    "RoleIconURL": "https://wiki.bloodontheclocktower.com/images/e/e0/Icon_librarian.png",
    "RoleAbilityText": "Du wei\u00DFt zu Beginn, dass 1 von 2 Spielern ein bestimmter Au\u00DFenseiter ist. (Oder dass keine mitspielen.)",
    "FirstNight": "Zeige das Au\u00DFenseiter-Pl\u00E4ttchen. Zeige auf den AU\u00DFENSEITER und auf den FALSCHen Spieler.",
    "OtherNights": "",
    "RoleType": 0
  },
  {
    "EnglishOriginalRoleName": "investigator",
    "RoleName": "Detektiv",
    "RoleIconURL": "https://wiki.bloodontheclocktower.com/images/a/ad/Icon_investigator.png",
    "RoleAbilityText": "Du wei\u00DFt zu Beginn, dass 1 von 2 Spielern ein bestimmter Scherge ist.",
    "FirstNight": "Zeige das Scherge-Pl\u00E4ttchen. Zeige auf den SCHERGEn und auf den FALSCHen Spieler.",
    "OtherNights": "",
    "RoleType": 0
  },
  {
    "EnglishOriginalRoleName": "chef",
    "RoleName": "Koch",
    "RoleIconURL": "https://wiki.bloodontheclocktower.com/images/d/d5/Icon_chef.png",
    "RoleAbilityText": "Du wei\u00DFt zu Beginn, wie viele direkte banachbarte Paare b\u00F6ser Spieler es gibt.",
    "FirstNight": "Gib ein Fingerzeichen.",
    "OtherNights": "",
    "RoleType": 0
  },
  {
    "EnglishOriginalRoleName": "empath",
    "RoleName": "Empath",
    "RoleIconURL": "https://wiki.bloodontheclocktower.com/images/1/13/Icon_empath.png",
    "RoleAbilityText": "Jede Nacht erf\u00E4hrst du, wie viele deiner 2 lebendigen Nachbarn b\u00F6se sind.",
    "FirstNight": "Gib ein Fingerzeichen.",
    "OtherNights": "Gib ein Fingerzeichen.",
    "RoleType": 0
  },
  {
    "EnglishOriginalRoleName": "fortuneteller",
    "RoleName": "Wahrsagerin",
    "RoleIconURL": "https://wiki.bloodontheclocktower.com/images/9/97/Icon_fortuneteller.png",
    "RoleAbilityText": "W\u00E4hle jede Nacht 2 Spieler: Du erf\u00E4hrst, ob 1 davon der D\u00E4mon ist. Es gibt 1 guten Spieler, der dir als D\u00E4mon erscheint.",
    "FirstNight": "Die Wahrsagerin w\u00E4hlt 2 Spieler. Nicke, falls einer davon der D\u00E4mon (oder die FALSCHE F\u00C4HRTE) ist.",
    "OtherNights": "Die Wahrsagerin w\u00E4hlt 2 Spieler. Nicke, falls einer davon der D\u00E4mon (oder die FALSCHE F\u00C4HRTE) ist.",
    "RoleType": 0
  },
  {
    "EnglishOriginalRoleName": "undertaker",
    "RoleName": "Totengr\u00E4ber",
    "RoleIconURL": "https://wiki.bloodontheclocktower.com/images/0/05/Icon_undertaker.png",
    "RoleAbilityText": "Jede Nacht* erf\u00E4hrst du, welcher Character heute durch Hinrichtung gestorben ist.",
    "FirstNight": "",
    "OtherNights": "Falls heute ein Spieler hingerichtet wurde, zeige dem Totengr\u00E4ber dessen Charakterpl\u00E4ttchen.",
    "RoleType": 0
  },
  {
    "EnglishOriginalRoleName": "ravenkeeper",
    "RoleName": "Rabenh\u00FCter",
    "RoleIconURL": "https://wiki.bloodontheclocktower.com/images/e/ef/Icon_ravenkeeper.png",
    "RoleAbilityText": "Falls du in der Nacht stirbst, wirst du aufgeweckt \u0026 w\u00E4hlst 1 Spieler: Du erf\u00E4hrst seinen Charakter.",
    "FirstNight": "",
    "OtherNights": "Falls der Rabenh\u00FCter heute Nacht gestorben ist, w\u00E4hlt er einen Spieler. Zeige das Charackterpl\u00E4ttchen dieses Spielers.",
    "RoleType": 0
  },
  {
    "EnglishOriginalRoleName": "slayer",
    "RoleName": "D\u00E4monenj\u00E4ger",
    "RoleIconURL": "https://wiki.bloodontheclocktower.com/images/d/d3/Icon_slayer.png",
    "RoleAbilityText": "Einmal im Spiel, w\u00E4hrend des Tages, w\u00E4hle \u00F6ffentlich 1 Spieler: Falls er der D\u00E4mon ist, stirbt er.",
    "FirstNight": null,
    "OtherNights": null,
    "RoleType": 0
  },
  {
    "EnglishOriginalRoleName": "soldier",
    "RoleName": "Soldat",
    "RoleIconURL": "https://wiki.bloodontheclocktower.com/images/c/c3/Icon_soldier.png",
    "RoleAbilityText": "Du bist sicher vor dem D\u00E4mon.",
    "FirstNight": null,
    "OtherNights": null,
    "RoleType": 0
  },
  {
    "EnglishOriginalRoleName": "mayor",
    "RoleName": "B\u00FCrgermeister",
    "RoleIconURL": "https://wiki.bloodontheclocktower.com/images/a/a1/Icon_mayor.png",
    "RoleAbilityText": "Falls nur noch 3 Spieler leben \u0026 es keine Hinrichtung gibt, gewinnt dein Team. Falls du in der Nacht stirbst, k\u00F6nnte stattdessen ein anderer Spieler sterben.",
    "FirstNight": null,
    "OtherNights": null,
    "RoleType": 0
  },
  {
    "EnglishOriginalRoleName": "butler",
    "RoleName": "Butler",
    "RoleIconURL": "https://wiki.bloodontheclocktower.com/images/1/19/Icon_butler.png",
    "RoleAbilityText": "W\u00E4hle jede Nacht 1 Spieler (nicht dich selbst): Morgen darfst du nur dann abstimmen, wenn er auch abstimmt.",
    "FirstNight": "Der Butler w\u00E4hlt einen Spieler.",
    "OtherNights": "Der Butler w\u00E4hlt einen Spieler.",
    "RoleType": 1
  },
  {
    "EnglishOriginalRoleName": "saint",
    "RoleName": "Heilige",
    "RoleIconURL": "https://wiki.bloodontheclocktower.com/images/c/c9/Icon_saint.png",
    "RoleAbilityText": "Falls du durch Hinrichtung stirbst, verliert dein Team.",
    "FirstNight": null,
    "OtherNights": null,
    "RoleType": 1
  },
  {
    "EnglishOriginalRoleName": "recluse",
    "RoleName": "Einsiedler",
    "RoleIconURL": "https://wiki.bloodontheclocktower.com/images/6/60/Icon_recluse.png",
    "RoleAbilityText": "Du erscheinst m\u00F6glicherweise als b\u00F6se \u0026 als Scherge oder D\u00E4mon, sogar wenn du tot bist.",
    "FirstNight": null,
    "OtherNights": null,
    "RoleType": 1
  },
  {
    "EnglishOriginalRoleName": "poisoner",
    "RoleName": "Giftmischer",
    "RoleIconURL": "https://wiki.bloodontheclocktower.com/images/b/b1/Icon_poisoner.png",
    "RoleAbilityText": "W\u00E4hle jede Nacht 1 Spieler, er ist in dieser Nacht und am folgenden Tag vergiftet.",
    "FirstNight": "Der Giftmischer w\u00E4hlt einen Spieler.",
    "OtherNights": "Der Giftmischer w\u00E4hlt einen Spieler.",
    "RoleType": 2
  },
  {
    "EnglishOriginalRoleName": "baron",
    "RoleName": "Baron",
    "RoleIconURL": "https://wiki.bloodontheclocktower.com/images/6/6d/Icon_baron.png",
    "RoleAbilityText": "Es sind zus\u00E4tzliche Au\u00DFenseiter im Spiel. [\u002B2 Au\u00DFenseiter]",
    "FirstNight": null,
    "OtherNights": null,
    "RoleType": 2
  },
  {
    "EnglishOriginalRoleName": "scarletwoman",
    "RoleName": "Scharlachrote Frau",
    "RoleIconURL": "https://wiki.bloodontheclocktower.com/images/1/13/Icon_scarletwoman.png",
    "RoleAbilityText": "Falls 5 oder mehr Spieler lebendig sind \u0026 der D\u00E4mon stirbt, wirst du zum D\u00E4mon. (Reisende z\u00E4hlen nicht.)",
    "FirstNight": "",
    "OtherNights": "Falls die Scharlachrote Frau heute zum Imp wurde, zeige ihr das DU BIST Pl\u00E4ttchen, dann zeige das Imppl\u00E4ttchen.",
    "RoleType": 2
  },
  {
    "EnglishOriginalRoleName": "clockmaker",
    "RoleName": "Uhrmacher",
    "RoleIconURL": "https://wiki.bloodontheclocktower.com/images/3/3d/Icon_clockmaker.png",
    "RoleAbilityText": "Du wei\u00DFt zu Beginn, wie viele Schritte es vom D\u00E4mon zum n\u00E4chsten Schergen sind.",
    "FirstNight": "Gib ein Fingerzeichen.",
    "OtherNights": "",
    "RoleType": 0
  },
  {
    "EnglishOriginalRoleName": "dreamer",
    "RoleName": "Tr\u00E4umer",
    "RoleIconURL": "https://wiki.bloodontheclocktower.com/images/f/f2/Icon_dreamer.png",
    "RoleAbilityText": "W\u00E4hle jede Nacht 1 Spieler (nicht dich selbst oder Reisende): Du erf\u00E4hrst 1 guten \u0026 1 b\u00F6sen Charakter, 1 davon ist korrekt.",
    "FirstNight": "Der Tr\u00E4umer w\u00E4hlt einen Spieler. Zeige 1 gutes \u0026 1 b\u00F6ses Charakterpl\u00E4ttchen, wovon 1 der Charakter des gew\u00E4hlten Spielers ist.",
    "OtherNights": "",
    "RoleType": 0
  },
  {
    "EnglishOriginalRoleName": "snakecharmer",
    "RoleName": "Schlangenbeschw\u00F6rer",
    "RoleIconURL": "https://wiki.bloodontheclocktower.com/images/0/08/Icon_snakecharmer.png",
    "RoleAbilityText": "W\u00E4hle jede Nacht 1 lebendigen Spieler: Ein gew\u00E4hlter D\u00E4mon tauscht seinen Charakter \u0026 dir Fraktion mit dir \u0026 ist dann vergiftet.",
    "FirstNight": "Der Schlangenbeschw\u00F6rer w\u00E4hlt einen Spieler. Falls er den D\u00E4mon gew\u00E4hlt hat: Zeige das DU BIST \u0026 das D\u00E4monpl\u00E4ttchen. Zeige einen Daumen nach unten. Vertausche das Schlangenbeschw\u00F6rer- \u0026 das D\u00E4monpl\u00E4ttchen im Grimooire. Lasse den vorherigen Schlangenbeschw\u00F6rer einschalfen. Wecke den vorherigen D\u00E4mon. Zeige das DU BIST und das Schlangenbeschw\u00F6rerpl\u00E4ttchen \u0026 zeige einen Daumen nach oben.",
    "OtherNights": "Der Schlangenbeschw\u00F6rer w\u00E4hlt einen Spieler. Falls er den D\u00E4mon gew\u00E4hlt hat: Zeige das DU BIST \u0026 das D\u00E4monpl\u00E4ttchen. Zeige einen Daumen nach unten. Vertausche das Schlangenbeschw\u00F6rer- \u0026 das D\u00E4monpl\u00E4ttchen im Grimooire. Lasse den vorherigen Schlangenbeschw\u00F6rer einschalfen. Wecke den vorherigen D\u00E4mon. Zeige das DU BIST und das Schlangenbeschw\u00F6rerpl\u00E4ttchen \u0026 zeige einen Daumen nach oben.",
    "RoleType": 0
  },
  {
    "EnglishOriginalRoleName": "mathematician",
    "RoleName": "Mathematiker",
    "RoleIconURL": "https://wiki.bloodontheclocktower.com/images/f/f1/Icon_mathematician.png",
    "RoleAbilityText": "Jede Nacht erf\u00E4hrst du, bei wie vielen Spielern die F\u00E4higkeit (seit dem Morgen) wegen der F\u00E4higkeit eines anderenCharakter fehlerhaft gearbeitet hat.",
    "FirstNight": "Gib ein Fingerzeichen.",
    "OtherNights": "",
    "RoleType": 0
  },
  {
    "EnglishOriginalRoleName": "flowergirl",
    "RoleName": "Blumenm\u00E4dchen",
    "RoleIconURL": "https://wiki.bloodontheclocktower.com/images/a/ac/Icon_flowergirl.png",
    "RoleAbilityText": "Jede Nacht* erf\u00E4hrst du, ob heute ein D\u00E4mon f\u00FCr eine Hinrichtung gestimmt hat.",
    "FirstNight": null,
    "OtherNights": null,
    "RoleType": 0
  },
  {
    "EnglishOriginalRoleName": "towncrier",
    "RoleName": "Marktschreier",
    "RoleIconURL": "https://wiki.bloodontheclocktower.com/images/e/ef/Icon_towncrier.png",
    "RoleAbilityText": "Jede Nacht* erf\u00E4hrst du, ob heute ein Scherge jemanden nominiert hat.",
    "FirstNight": null,
    "OtherNights": null,
    "RoleType": 0
  },
  {
    "EnglishOriginalRoleName": "oracle",
    "RoleName": "Orakel",
    "RoleIconURL": "https://wiki.bloodontheclocktower.com/images/b/bb/Icon_oracle.png",
    "RoleAbilityText": "Jede Nacht* erf\u00E4hrst du, wie viele tote Spieler b\u00F6se sind.",
    "FirstNight": null,
    "OtherNights": null,
    "RoleType": 0
  },
  {
    "EnglishOriginalRoleName": "savant",
    "RoleName": "Savant",
    "RoleIconURL": "https://wiki.bloodontheclocktower.com/images/d/d5/Icon_savant.png",
    "RoleAbilityText": "Jeden Tag darfst du den Erz\u00E4hler besuchen, um geheim 2 Aussagen zu erfahren: 1 ist wahr \u0026 1 ist falsch.",
    "FirstNight": null,
    "OtherNights": null,
    "RoleType": 0
  },
  {
    "EnglishOriginalRoleName": "seamstress",
    "RoleName": "Schneiderin",
    "RoleIconURL": "https://wiki.bloodontheclocktower.com/images/5/53/Icon_seamstress.png",
    "RoleAbilityText": "Einmal im Spiel, in der Nacht, w\u00E4hle 2 Spieler (nicht dich selbst): Du erf\u00E4hrstm ob sie die gleiche Fraktion haben.",
    "FirstNight": "Die Schneiderin w\u00E4hlt m\u00F6glicherweise 2 Spieler. Nicke oder sch\u00FCttele den Kopf.",
    "OtherNights": "",
    "RoleType": 0
  },
  {
    "EnglishOriginalRoleName": "philosopher",
    "RoleName": "Philosoph",
    "RoleIconURL": "https://wiki.bloodontheclocktower.com/images/5/5d/Icon_philosopher.png",
    "RoleAbilityText": "Einmal im Spiel, in der Nacht, w\u00E4hle 1 guten Charakter: Erhalte seine F\u00E4higkeit. Falls der Charakter im Spiel ist, ist er betrunken.",
    "FirstNight": "Der Philosoph w\u00E4hlt m\u00F6glicherweise einen Charakter. Falls n\u00F6tig, tausche sein Charakterpl\u00E4ttchen.",
    "OtherNights": "Der Philosoph w\u00E4hlt m\u00F6glicherweise einen Charakter. Falls n\u00F6tig, tausche sein Charakterpl\u00E4ttchen.",
    "RoleType": 0
  },
  {
    "EnglishOriginalRoleName": "artist",
    "RoleName": "K\u00FCnstler",
    "RoleIconURL": "https://wiki.bloodontheclocktower.com/images/1/1a/Icon_artist.png",
    "RoleAbilityText": "Einmal im Spiel, w\u00E4hrend des Tages, stelle dem Erz\u00E4hler geheim 1 beliebige Ja/Nein-Frage.",
    "FirstNight": null,
    "OtherNights": null,
    "RoleType": 0
  },
  {
    "EnglishOriginalRoleName": "juggler",
    "RoleName": "Jongleur",
    "RoleIconURL": "https://wiki.bloodontheclocktower.com/images/4/42/Icon_juggler.png",
    "RoleAbilityText": "An deinem 1. Tag rate \u00F6ffentlich den Charakter von bis zu 5 Spieler. In dieser Nacht erf\u00E4hrst du, wie viele davon korrekt waren.",
    "FirstNight": null,
    "OtherNights": null,
    "RoleType": 0
  },
  {
    "EnglishOriginalRoleName": "sage",
    "RoleName": "Weise",
    "RoleIconURL": "https://wiki.bloodontheclocktower.com/images/a/a0/Icon_sage.png",
    "RoleAbilityText": "Falls der D\u00E4mon dich t\u00F6tet, erf\u00E4hrst du, dass er 1 von 2 bestimmten Spielern ist.",
    "FirstNight": "",
    "OtherNights": "Falls der D\u00E4mon die Weise get\u00F6tet hat, wecke die Weise und zeige auf 2 Spieler, wovon einer der D\u00E4mon ist.",
    "RoleType": 0
  },
  {
    "EnglishOriginalRoleName": "mutant",
    "RoleName": "Mutant",
    "RoleIconURL": "https://wiki.bloodontheclocktower.com/images/2/2e/Icon_mutant.png",
    "RoleAbilityText": "Falls du \u0022besessen\u0022 davon bist, ein Au\u00DFenseiter zu seinm k\u00F6nntest du hingerichtet werden.",
    "FirstNight": null,
    "OtherNights": null,
    "RoleType": 1
  },
  {
    "EnglishOriginalRoleName": "sweetheart",
    "RoleName": "Liebchen",
    "RoleIconURL": "https://wiki.bloodontheclocktower.com/images/6/6a/Icon_sweetheart.png",
    "RoleAbilityText": "Wenn du stirbst, ist 1 Spieler ab jetzt betrunken.",
    "FirstNight": "",
    "OtherNights": "Falls das Liebchen gestorben ist, wurde sofort ein Spieler betrunken. Falls du dies noch nicht gemacht hast, mache ese jetzt.",
    "RoleType": 1
  },
  {
    "EnglishOriginalRoleName": "barber",
    "RoleName": "Barbier",
    "RoleIconURL": "https://wiki.bloodontheclocktower.com/images/1/16/Icon_barber.png",
    "RoleAbilityText": "Wenn du stirbst, darf der D\u00E4mon in dieser Nacht 2 Spieler (keinen anderen D\u00E4mon) ausw\u00E4hlen, die ihre Charaktere tauschen.",
    "FirstNight": "",
    "OtherNights": "Falls der Barbier heute am Tag oder nachts gestorben ist, zeige dem D\u00E4mon das DIESER CHARAKTER HAT DICH GEW\u00C4HLT \u0026 das Barbierpl\u00E4ttchen . Falls der D\u00E4mon 2 Spieler gew\u00E4hlt hat, wecke sie einzeln. Zeige ihnen das DU BIST Pl\u00E4ttchen \u0026 ihr neues Charakterpl\u00E4ttchen.",
    "RoleType": 1
  },
  {
    "EnglishOriginalRoleName": "klutz",
    "RoleName": "Tollpatsch",
    "RoleIconURL": "https://wiki.bloodontheclocktower.com/images/b/bc/Icon_klutz.png",
    "RoleAbilityText": "Wenn du erf\u00E4hrst, dass du gestorben bist, w\u00E4hle \u00F6ffentlich 1 lebendigen Spieler: Falls er b\u00F6se ist, verliert dein Team.",
    "FirstNight": null,
    "OtherNights": null,
    "RoleType": 1
  },
  {
    "EnglishOriginalRoleName": "eviltwin",
    "RoleName": "B\u00F6ser Zwilling",
    "RoleIconURL": "https://wiki.bloodontheclocktower.com/images/f/f4/Icon_eviltwin.png",
    "RoleAbilityText": "Du \u0026 ein gegnerischer Spieler kennen einander. Wird der gute Spieler hingerichtet, gewinnt B\u00F6se. Gut kann nicht gewinnen, solange ihr beide lebt.",
    "FirstNight": "Wecke beide Zwillinge. Stelle sicher, dass sie Augenkontakt miteinander herstllen. Zeige dem B\u00F6sen Zwilling das Charakterpl\u00E4ttchen des Guten Zwillings und umgekehrt.",
    "OtherNights": "",
    "RoleType": 2
  },
  {
    "EnglishOriginalRoleName": "witch",
    "RoleName": "Hexe",
    "RoleIconURL": "https://wiki.bloodontheclocktower.com/images/7/7b/Icon_witch.png",
    "RoleAbilityText": "W\u00E4hle jede Nacht 1 Spieler: Falls er morgen nominiert, stirbt er. Falls nur noch 3 Spieler leben, verlierst du diese F\u00E4higkeit.",
    "FirstNight": "Die Hexe w\u00E4hlt einen Spieler.",
    "OtherNights": "Die Hexe w\u00E4hlt einen Spieler.",
    "RoleType": 2
  },
  {
    "EnglishOriginalRoleName": "cerenovus",
    "RoleName": "Cerenovus",
    "RoleIconURL": "https://wiki.bloodontheclocktower.com/images/4/45/Icon_cerenovus.png",
    "RoleAbilityText": "W\u00E4hle jede Nacht 1 Spieler \u0026 1 guten Charakter: Der Spieler ist morgen \u0022besessen\u0022 davon, dass er der Charakter ist, oder k\u00F6nnte hingerichtet werden.",
    "FirstNight": "Der Cerenovus w\u00E4hlt einen Spieler \u0026 einen Charakter. Lasse den Cerenovus einschalfen. Wecke den gew\u00E4hlten Spieler. Zeige das DIESER CHARAKTER HAT DICH GEW\u00C4HLT Pl\u00E4ttchen, das Cerenovuspl\u00E4ttchen und ddann das Pl\u00E4ttchen des Charakter, den der Cerenovus gew\u00E4hlt hat.",
    "OtherNights": "Der Cerenovus w\u00E4hlt einen Spieler \u0026 einen Charakter. Lasse den Cerenovus einschalfen. Wecke den gew\u00E4hlten Spieler. Zeige das DIESER CHARAKTER HAT DICH GEW\u00C4HLT Pl\u00E4ttchen, das Cerenovuspl\u00E4ttchen und ddann das Pl\u00E4ttchen des Charakter, den der Cerenovus gew\u00E4hlt hat.",
    "RoleType": 2
  },
  {
    "EnglishOriginalRoleName": "pithag",
    "RoleName": "Grubenweib",
    "RoleIconURL": "https://wiki.bloodontheclocktower.com/images/6/6b/Icon_pithag.png",
    "RoleAbilityText": "W\u00E4hle jede Nacht* 1 Spieler \u0026 1 Charakter, der er wird (falls nicht im Spiel). Falls ein D\u00E4mon erzeugt wird, wird willk\u00FCrlich get\u00F6tet.",
    "FirstNight": "",
    "OtherNights": "Das Grubenweib w\u00E4hlt einen Spieler. Falls er ein Au\u00DFenseiter w\u00E4hlt (passiert maximal einmal): Ersetze das Au\u00DFenseiter-Pl\u00E4ttchen durch das zus\u00E4tzliche Fang Gu-Pl\u00E4ttchen. Lasse den Fang Gu einschalfen. Wecke das Ziel. Zeige das DU BIST und das Fang Gu-Pl\u00E4ttchen \u0026 zeige einen Daumen nach unten.",
    "RoleType": 2
  },
  {
    "EnglishOriginalRoleName": "fanggu",
    "RoleName": "Fang Gu",
    "RoleIconURL": "https://wiki.bloodontheclocktower.com/images/0/0e/Icon_fanggu.png",
    "RoleAbilityText": "W\u00E4hle jede Nacht* 1 Spieler: Er stirbt. Der 1. Au\u00DFenseiter, der so stirbt, wird b\u00F6ser Fang Gu \u0026 du stirbst stattdessen. [\u002B1 Au\u00DFenseiter]",
    "FirstNight": null,
    "OtherNights": null,
    "RoleType": 3
  },
  {
    "EnglishOriginalRoleName": "vigormortis",
    "RoleName": "Vigormortis",
    "RoleIconURL": "https://wiki.bloodontheclocktower.com/images/1/1a/Icon_vigormortis.png",
    "RoleAbilityText": "W\u00E4hle jede Nacht* 1 Spieler: Er stirbt. Von dir get\u00F6tete Schergen behalten ihre F\u00E4higkeit \u0026 vergiften 1 benachbarten B\u00FCrger. [-1 Au\u00DFenseiter]",
    "FirstNight": "",
    "OtherNights": "Der Vigormortis w\u00E4hlt einen Spieler. Falls dieser Spieler ein Scherge ist, vergifte einen benachbarten B\u00FCrger.",
    "RoleType": 3
  },
  {
    "EnglishOriginalRoleName": "nodashii",
    "RoleName": "No Dashii",
    "RoleIconURL": "https://wiki.bloodontheclocktower.com/images/e/eb/Icon_nodashii.png",
    "RoleAbilityText": "W\u00E4hle jede Nacht* 1 Spieler: Er stirbt. Deine 2 benachbarten B\u00FCrger sind vergiftet.",
    "FirstNight": "",
    "OtherNights": "Die No Dashii w\u00E4hlt einen Spieler.",
    "RoleType": 3
  },
  {
    "EnglishOriginalRoleName": "vortox",
    "RoleName": "Vortox",
    "RoleIconURL": "https://wiki.bloodontheclocktower.com/images/8/89/Icon_vortox.png",
    "RoleAbilityText": "W\u00E4hle jede Nacht* 1 Spieler: Er stirbt. F\u00E4higkeiten von B\u00FCrgern liefern falsche Informationen. Falls an irgendeinem Tag keiner hingerichtet wird, gewinnt B\u00F6se.",
    "FirstNight": "",
    "OtherNights": "Der Vortox w\u00E4hlt einen Spieler.",
    "RoleType": 3
  },
  {
    "EnglishOriginalRoleName": "grandmother",
    "RoleName": "Gro\u00DFmutter",
    "RoleIconURL": "https://wiki.bloodontheclocktower.com/images/2/26/Icon_grandmother.png",
    "RoleAbilityText": "Du wei\u00DFt zu Beginn, dass 1 Spieler gut ist \u0026 kennst seinen Charackter. Falls der D\u00E4mon ihn t\u00F6tet, stirbst du ebenfalls.",
    "FirstNight": "Zeige auf den Spieler, der das Enkelking ist \u0026 zeige sein Charakterpl\u00E4ttchen.",
    "OtherNights": "Falls der D\u00E4mon das Enkelkind get\u00F6tet hat, stirbt nun auch die Gro\u00DFmutter.",
    "RoleType": 0
  },
  {
    "EnglishOriginalRoleName": "sailor",
    "RoleName": "Segler",
    "RoleIconURL": "https://wiki.bloodontheclocktower.com/images/1/16/Icon_sailor.png",
    "RoleAbilityText": "Du kannst nicht sterben. W\u00E4hle jede Nacht 1 lebendigen Spieler: Einer von euch beiden ist bis zur Abendd\u00E4mmerung betrunken.",
    "FirstNight": "Der Segler w\u00E4hlt einen lebendigen Spieler.",
    "OtherNights": "Der Segler w\u00E4hlt einen lebendigen Spieler.",
    "RoleType": 0
  },
  {
    "EnglishOriginalRoleName": "chambermaid",
    "RoleName": "Kammerzofe",
    "RoleIconURL": "https://wiki.bloodontheclocktower.com/images/8/87/Icon_chambermaid.png",
    "RoleAbilityText": "W\u00E4hle jede Nacht 2 lebendige Spieler (nicht dich selbst): Du erf\u00E4hrst, wie viele davon heute Nacht wegen ihrer F\u00E4higkeit aufgewacht sind.",
    "FirstNight": "Die Kammerzofe w\u00E4hlt 2 lebendige Spieler. Gib ein Fingerzeichen.",
    "OtherNights": "Die Kammerzofe w\u00E4hlt 2 lebendige Spieler. Gib ein Fingerzeichen.",
    "RoleType": 0
  },
  {
    "EnglishOriginalRoleName": "exorcist",
    "RoleName": "Exorzist",
    "RoleIconURL": "https://wiki.bloodontheclocktower.com/images/c/c2/Icon_exorcist.png",
    "RoleAbilityText": "W\u00E4hle jede Nacht* 1 Spieler (1 anderen als in der vorherigen Nacht): Falls du den D\u00E4mon w\u00E4hlst, erf\u00E4hrt erm wer du bist \u0026 wacht dann heute Nacht nicht auf.",
    "FirstNight": "",
    "OtherNights": "Der Exorizist w\u00E4hlt einen Spieler. Lasse den Exorzisten einschalfen. Falls der Exorzist den D\u00E4mon gew\u00E4hlt hat: Wecke den D\u00E4mon. Zeige das DIESER CHARAKTER HAT DICH GEW\u00C4HLT Pl\u00E4ttchen \u0026 das Exorzistpl\u00E4ttchen. Zeige auf den Exorzisten.",
    "RoleType": 0
  },
  {
    "EnglishOriginalRoleName": "innkeeper",
    "RoleName": "Gastwirt",
    "RoleIconURL": "https://wiki.bloodontheclocktower.com/images/0/0c/Icon_innkeeper.png",
    "RoleAbilityText": "W\u00E4hle jede Nacht* 2 Spieler: Sie k\u00F6nnen heute Nacht nicht sterben, aber einer von ihnen bis zur Abendd\u00E4mmerung betrunken.",
    "FirstNight": "",
    "OtherNights": "Der Gastwirt w\u00E4hlt 2 Spieler.",
    "RoleType": 0
  },
  {
    "EnglishOriginalRoleName": "gambler",
    "RoleName": "Gl\u00FCcksspieler",
    "RoleIconURL": "https://wiki.bloodontheclocktower.com/images/f/fd/Icon_gambler.png",
    "RoleAbilityText": "W\u00E4hle jede Nacht* 1 Spieler \u0026 rate seinen Charakter: Falsl du falsch r\u00E4tst, stirbst du.",
    "FirstNight": "",
    "OtherNights": "Der Gl\u00FCckspieler w\u00E4hlt einen Spieler \u0026 einen Charakter.",
    "RoleType": 0
  },
  {
    "EnglishOriginalRoleName": "gossip",
    "RoleName": "Schw\u00E4tzer",
    "RoleIconURL": "https://wiki.bloodontheclocktower.com/images/c/c7/Icon_gossip.png",
    "RoleAbilityText": "Jeden Tag darfst du 1 \u00F6ffentliche AUssage treffen. Falls sie wahr war, stirbt heute Nacht 1 Spieler.",
    "FirstNight": "",
    "OtherNights": "Falls der Schw\u00E4tzer f\u00FCr den Tod eines Spieler sorgen sollte, stirbt nun ein Spieler.",
    "RoleType": 0
  },
  {
    "EnglishOriginalRoleName": "courtier",
    "RoleName": "H\u00F6fling",
    "RoleIconURL": "https://wiki.bloodontheclocktower.com/images/e/e0/Icon_courtier.png",
    "RoleAbilityText": "Einmal im Spiel, in der Nacht, w\u00E4hle 1 Charakter. Er ist 3 N\u00E4chte \u0026 3 Tage lang betrunken.",
    "FirstNight": "Der H\u00F6fling w\u00E4hlt m\u00F6glicherweise einen Charakter.",
    "OtherNights": "Der H\u00F6fling w\u00E4hlt m\u00F6glicherweise einen Charakter.",
    "RoleType": 0
  },
  {
    "EnglishOriginalRoleName": "professor",
    "RoleName": "Professor",
    "RoleIconURL": "https://wiki.bloodontheclocktower.com/images/6/65/Icon_professor.png",
    "RoleAbilityText": "Einmal im Spiel, in der Nacht*, w\u00E4hle 1 toten Spieler: Falls er ein B\u00FCrger ist, wird er wiederbelebt.",
    "FirstNight": "",
    "OtherNights": "Der Professor w\u00E4hlt m\u00F6glicherweise einen toten Spieler.",
    "RoleType": 0
  },
  {
    "EnglishOriginalRoleName": "minstrel",
    "RoleName": "Minnes\u00E4nger",
    "RoleIconURL": "https://wiki.bloodontheclocktower.com/images/2/24/Icon_minstrel.png",
    "RoleAbilityText": "Falls ein Scherge durch Hinrichtung stirbt, sind alle anderen Spieler (au\u00DFer Reisende) bis zur Abendd\u00E4mmerung des n\u00E4chsten Tages betrunken.",
    "FirstNight": null,
    "OtherNights": null,
    "RoleType": 0
  },
  {
    "EnglishOriginalRoleName": "tealady",
    "RoleName": "Teedame",
    "RoleIconURL": "https://wiki.bloodontheclocktower.com/images/1/16/Icon_tealady.png",
    "RoleAbilityText": "Falls deine beiden lebendigen Nachbarn gut sind, k\u00F6nnen sie nicht sterben.",
    "FirstNight": null,
    "OtherNights": null,
    "RoleType": 0
  },
  {
    "EnglishOriginalRoleName": "pacifist",
    "RoleName": "Pazifist",
    "RoleIconURL": "https://wiki.bloodontheclocktower.com/images/5/5d/Icon_pacifist.png",
    "RoleAbilityText": "Hingerichtete gute Spieler sterben m\u00F6glicherweise nicht.",
    "FirstNight": null,
    "OtherNights": null,
    "RoleType": 0
  },
  {
    "EnglishOriginalRoleName": "fool",
    "RoleName": "Narr",
    "RoleIconURL": "https://wiki.bloodontheclocktower.com/images/d/d9/Icon_fool.png",
    "RoleAbilityText": "Wenn du zum 1. Mal sterben w\u00FCrdest, stirbst du stattdessen nicht.",
    "FirstNight": null,
    "OtherNights": null,
    "RoleType": 0
  },
  {
    "EnglishOriginalRoleName": "goon",
    "RoleName": "Schl\u00E4ger",
    "RoleIconURL": "https://wiki.bloodontheclocktower.com/images/6/6f/Icon_goon.png",
    "RoleAbilityText": "Jede Nacht ist der 1. Spieler, der dich mit seiner F\u00E4higkeit w\u00E4hlt, bis zur Abendd\u00E4mmerung betrunken. Du wechselst zu seiner Fraktion.",
    "FirstNight": null,
    "OtherNights": null,
    "RoleType": 1
  },
  {
    "EnglishOriginalRoleName": "lunatic",
    "RoleName": "Verr\u00FCckte",
    "RoleIconURL": "https://wiki.bloodontheclocktower.com/images/6/64/Icon_lunatic.png",
    "RoleAbilityText": "Du denkst f\u00E4lschlicherweise, dass du der D\u00E4mon bist. Der D\u00E4mon wei\u00DF, wer du bist \u0026 wen du in der Nacht gew\u00E4hlt hast.",
    "FirstNight": "Falls 7 oder mehr Spieler mitspielen, wecke die Verr\u00FCckte: Zeige das DIES SIND DEINE SCHERGEN Pl\u00E4ttchen. Zeige auf beliebige Spieler. Zeige das DIESE CHARAKTERE SIND NICHT IM SPIEL Pl\u00E4ttchen. Zeige 3 gute Charakterpl\u00E4ttchen. Lasse die Verr\u00FCckte einschlafen. Wecke den D\u00E4mon. Zeige das DU BIST Pl\u00E4ttchen und das D\u00E4monpl\u00E4ttchen. Zeige das DIESER SPIELER IST Pl\u00E4ttchen, zeige das Verr\u00FCcktpl\u00E4ttchen, zeige auf die Verr\u00FCckte.",
    "OtherNights": "Tue, was immer du tun musst, um das Handeln des D\u00E4mons zu simulieren. Lasse die Verr\u00FCckte einschalfen. Wecke den D\u00E4mon. Zeige das Verr\u00FCcktepl\u00E4ttchen \u0026 zeige das die Verr\u00FCckte, zeige dann auf ihr(e) Ziel(e).",
    "RoleType": 1
  },
  {
    "EnglishOriginalRoleName": "tinker",
    "RoleName": "Bastler",
    "RoleIconURL": "https://wiki.bloodontheclocktower.com/images/9/98/Icon_tinker.png",
    "RoleAbilityText": "Du k\u00F6nntest jederzeit sterben.",
    "FirstNight": "",
    "OtherNights": "Der Bastler stirbt m\u00F6glicherweise.",
    "RoleType": 1
  },
  {
    "EnglishOriginalRoleName": "moonchild",
    "RoleName": "Mondkind",
    "RoleIconURL": "https://wiki.bloodontheclocktower.com/images/d/dc/Icon_moonchild.png",
    "RoleAbilityText": "Wenn du erf\u00E4hrst, dass du gestorben bist, w\u00E4hle \u00F6ffentlich 1 lebendigen Spieler. Falls es ein guter Spieler war, stirbt er heute Nacht.",
    "FirstNight": "",
    "OtherNights": "Falls das Mondkind f\u00FCr den Tod eines guten Spielers sorgen sollte, stirbt dieser Spieler nun.",
    "RoleType": 1
  },
  {
    "EnglishOriginalRoleName": "godfather",
    "RoleName": "Pate",
    "RoleIconURL": "https://wiki.bloodontheclocktower.com/images/d/d0/Icon_godfather.png",
    "RoleAbilityText": "Du wei\u00DFt zu Beginn, welche AU\u00DFenseiter im Spiel sind. Falls 1 Au\u00DFenseiter heute starb, w\u00E4hle heute Nacht 1 Spieler: Er stirbt. [-1 oder \u002B1 Au\u00DFenseiter]",
    "FirstNight": "Zeige die Charakterpl\u00E4ttchen aller Au\u00DFenseiter, die im Spiel sind.",
    "OtherNights": "Falls heute ein Au\u00DFenseiter gestorben ist, w\u00E4hlt der Pate einen Spieler.",
    "RoleType": 2
  },
  {
    "EnglishOriginalRoleName": "devilsadvocate",
    "RoleName": "Teufelsadvokat",
    "RoleIconURL": "https://wiki.bloodontheclocktower.com/images/0/09/Icon_devilsadvocate.png",
    "RoleAbilityText": "W\u00E4hle jede Nacht 1 lebendigen Spieler (1 anderen als in der vorherigen Nacht): Falls er am n\u00E4chsten Tag hingerichtet wird, stirbt er nicht.",
    "FirstNight": "Der Teufelsadvokat w\u00E4hlt einen lebendigen Spieler.",
    "OtherNights": "Der Teufelsadvokat w\u00E4hlt einen lebendigen Spieler.",
    "RoleType": 2
  },
  {
    "EnglishOriginalRoleName": "assassin",
    "RoleName": "Meuchelm\u00F6rder",
    "RoleIconURL": "https://wiki.bloodontheclocktower.com/images/4/49/Icon_assassin.png",
    "RoleAbilityText": "Einmal im Spiel, in der Nacht*, w\u00E4hle 1 Spieler: Er stirbt, selbst wenn er es aus irgendeinem Grund nicht k\u00F6nnte.",
    "FirstNight": "",
    "OtherNights": "Der Meuchelm\u00F6rder w\u00E4hlt m\u00F6glicherweise einen Spieler.",
    "RoleType": 2
  },
  {
    "EnglishOriginalRoleName": "mastermind",
    "RoleName": "Strippenzieher",
    "RoleIconURL": "https://wiki.bloodontheclocktower.com/images/d/d5/Icon_mastermind.png",
    "RoleAbilityText": "Falls der D\u00E4mon durch eine Hinrichtung stirbt (\u0026 das Spiel enden w\u00FCrde), spiele 1 weiteren Tag. Falls dann ein Spieler hingerichtet wird, verliert sein Team.",
    "FirstNight": null,
    "OtherNights": null,
    "RoleType": 2
  },
  {
    "EnglishOriginalRoleName": "zombuul",
    "RoleName": "Zombuul",
    "RoleIconURL": "https://wiki.bloodontheclocktower.com/images/1/15/Icon_zombuul.png",
    "RoleAbilityText": "Jede Nacht*, falls heute kein SPieler starb, w\u00E4hle 1 Spieler: er stirbt. Wenn du zum 1. Mal stirbst, \u00FCberlebst du, aber erscheinst tot.",
    "FirstNight": "",
    "OtherNights": "Falls heute niemand gestorben ist, w\u00E4hlt der Zombuul einen Spieler.",
    "RoleType": 3
  },
  {
    "EnglishOriginalRoleName": "pukka",
    "RoleName": "Pukka",
    "RoleIconURL": "https://wiki.bloodontheclocktower.com/images/f/f4/Icon_pukka.png",
    "RoleAbilityText": "W\u00E4hle jede Nacht 1 Spieler: Er wird vergiftet. Der zuvor vergiftete Spieler stirbt \u0026 ist dann nicht mehr vergiftet.",
    "FirstNight": "Die Pukka w\u00E4hlt einen Spieler.",
    "OtherNights": "Die Pukka w\u00E4hlt einen Spieler. Der zuvor vergiftete Spieler stirbt und ist dann nicht mehr vergiftet.",
    "RoleType": 3
  },
  {
    "EnglishOriginalRoleName": "shabaloth",
    "RoleName": "Shabaloth",
    "RoleIconURL": "https://wiki.bloodontheclocktower.com/images/1/1f/Icon_shabaloth.png",
    "RoleAbilityText": "W\u00E4hle jede Nacht* 2 Spieler: Sie sterben. Ein toter Spieler, den du in der vorherigen Nacht gew\u00E4hlt hast, k\u00F6nnte hochgew\u00FCrgt werden.",
    "FirstNight": "",
    "OtherNights": "Ein zuvor gew\u00E4hlter Spieler k\u00F6nnte wieder auferstehen. Der Shabaloth w\u00E4hlt 2 Spieler.",
    "RoleType": 3
  },
  {
    "EnglishOriginalRoleName": "po",
    "RoleName": "Poe",
    "RoleIconURL": "https://wiki.bloodontheclocktower.com/images/b/b2/Icon_po.png",
    "RoleAbilityText": "Jede Nacht* darfst du 1 Spieler w\u00E4hlen: Er stirbt. Falls du zuvor gew\u00E4hlt hast, niemanden zu t\u00F6ten, w\u00E4hle heute Nacht 3 Spieler.",
    "FirstNight": "",
    "OtherNights": "Der Poe darf einen Spieler w\u00E4hlen ODER w\u00E4hlt 3 Spieler, falls er letzte Nacht niemanden gew\u00E4hlt hat.",
    "RoleType": 3
  },
  {
    "EnglishOriginalRoleName": "alhadikhia",
    "RoleName": "Al-Hadikhia",
    "RoleIconURL": "https://wiki.bloodontheclocktower.com/images/1/18/Icon_alhadikhia.png",
    "RoleAbilityText": "W\u00E4hle jede Nacht* 3 Spieler (alle erfahren, wer): Jeder von ihnen w\u00E4hlt stumm \u00ABLeben\u00BB oder \u00ABTod\u00BB, aber falls alle leben, sterben alle.",
    "FirstNight": "",
    "OtherNights": "The Al-Hadikhia chooses three players. Wake the player marked 1 and say \u0022the Al-Hadikhia has chosen\u0022, the the player\u0027s name, then \u0022Do you choose to live?\u0022 The either nod or shake their head. Put them to sleep. and add or remove the shrounds accodingly. Repeat for players marked 2 and 3. If all 3 players are now alive, add a shroud to all three.",
    "RoleType": 3
  },
  {
    "EnglishOriginalRoleName": "kazali",
    "RoleName": "Kazali",
    "RoleIconURL": "https://wiki.bloodontheclocktower.com/images/3/3c/Icon_kazali.png",
    "RoleAbilityText": "W\u00E4hle jede Nacht* 1 Spieler: Er stirbt. [Du bestimmst, welche Spieler welche Schergen sind. -? bis \u002B? Au\u00DFenseiter] ",
    "FirstNight": "Wake the Kazali, allow them to choose Minions.",
    "OtherNights": "The Kazali chooses a player.",
    "RoleType": 3
  },
  {
    "EnglishOriginalRoleName": "legion",
    "RoleName": "Legion",
    "RoleIconURL": "https://wiki.bloodontheclocktower.com/images/c/cb/Icon_legion.png",
    "RoleAbilityText": "Jede Nacht* k\u00F6nnte 1 Spieler sterben. Hinrichtungen scheitern, wenn nur b\u00F6se Spieler abgestimmt haben. Du erscheinst auch als Scherge. [Die meisten Spieler sind Legion] ",
    "FirstNight": "",
    "OtherNights": "A player might die.",
    "RoleType": 3
  },
  {
    "EnglishOriginalRoleName": "leviathan",
    "RoleName": "Leviathan",
    "RoleIconURL": "https://wiki.bloodontheclocktower.com/images/a/a7/Icon_leviathan.png",
    "RoleAbilityText": "Falls mehr als 1 guter Spieler hingerichtet wird, gewinnt B\u00F6se. Alle wissen, dass ein Leviathan im Spiel ist. Nach Tag 5 gewinnt B\u00F6se.",
    "FirstNight": "Declare that \u0022The Leviathan is in play.\u0022 Mark the Leviathan with the DAY 1 reminder.",
    "OtherNights": "Optionally, declare that \u0022The Leviathan is in play.\u0022 Replace the reminder token.",
    "RoleType": 3
  },
  {
    "EnglishOriginalRoleName": "lilmonsta",
    "RoleName": "Lil\u0027 Monsta",
    "RoleIconURL": "https://wiki.bloodontheclocktower.com/images/c/c3/Icon_lilmonsta.png",
    "RoleAbilityText": "Jede Nacht w\u00E4hlen die Schergen, wer Lil\u0027 Monsta h\u00FCtet \u0026 \u00ABder D\u00E4mon\u00BB ist. Jede Nacht* k\u00F6nnte 1 Spieler sterben. [\u002B1 Scherge] ",
    "FirstNight": "Wake all Minions, allow them to choose a babysitter.",
    "OtherNights": "Wake all Minions, allow them to choose a babysitter. A player might die.",
    "RoleType": 3
  },
  {
    "EnglishOriginalRoleName": "lleech",
    "RoleName": "Lleech",
    "RoleIconURL": "https://wiki.bloodontheclocktower.com/images/7/70/Icon_lleech.png",
    "RoleAbilityText": "W\u00E4hle jede Nacht* 1 Spieler: Er stirbt. W\u00E4hle zu Beginn 1 lebendigen Spieler: Er ist vergiftet. Du stirbst, wenn (\u0026 nur wenn) er tot ist. ",
    "FirstNight": "The Lleech chooses a player.",
    "OtherNights": "The Lleech chooses a player.",
    "RoleType": 3
  },
  {
    "EnglishOriginalRoleName": "lordoftyphon",
    "RoleName": "Lord of Typhon",
    "RoleIconURL": "https://wiki.bloodontheclocktower.com/images/c/cf/Icon_lordoftyphon.png",
    "RoleAbilityText": "W\u00E4hle jede Nacht* 1 Spieler: Er stirbt. [B\u00F6se Spieler sitzen in einer Reihe. Du bist in der Mitte. \u002B1 Scherge. -? bis \u002B? Au\u00DFenseiter] ",
    "FirstNight": "Replace neighbors of the Lord of Typhon with Minions, wake them, tell them their new alignment and character. then do minion info.",
    "OtherNights": "The Lord of Typhon chooses a player.",
    "RoleType": 3
  },
  {
    "EnglishOriginalRoleName": "ojo",
    "RoleName": "Ojo",
    "RoleIconURL": "https://wiki.bloodontheclocktower.com/images/6/6f/Icon_ojo.png",
    "RoleAbilityText": "W\u00E4hle jede Nacht* 1 Charakter: Er stirbt. Falls der Charakter nicht im Spiel ist, w\u00E4hlt der Erz\u00E4hler, wer stirbt.",
    "FirstNight": "",
    "OtherNights": "The Ojo chooses a character.",
    "RoleType": 3
  },
  {
    "EnglishOriginalRoleName": "riot",
    "RoleName": "Riot",
    "RoleIconURL": "https://wiki.bloodontheclocktower.com/images/2/2d/Icon_riot.png",
    "RoleAbilityText": "An Tag 3 werden alle Schergen zu Riot \u0026 Nominierte sterben, aber nominieren sofort selbst 1 lebendigen Spieler. Dies ist zwingend.",
    "FirstNight": null,
    "OtherNights": null,
    "RoleType": 3
  },
  {
    "EnglishOriginalRoleName": "yaggababble",
    "RoleName": "Yaggababble",
    "RoleIconURL": "https://wiki.bloodontheclocktower.com/images/0/08/Icon_yaggababble.png",
    "RoleAbilityText": "Du kennst zu Beginn 1 geheime Phrase. F\u00FCr jedes Mal, dass du diese Phrase heute \u00F6ffentlich gesagt hast, k\u00F6nnte 1 Spieler sterben. ",
    "FirstNight": "Choose a secret phrase. Wake the Yaggababble and let them know their secret phrase.",
    "OtherNights": "For each time the Yaggababble said the phrase today, you may choose a player. They die.",
    "RoleType": 3
  },
  {
    "EnglishOriginalRoleName": "boomdandy",
    "RoleName": "Boomdandy",
    "RoleIconURL": "https://wiki.bloodontheclocktower.com/images/2/20/Icon_boomdandy.png",
    "RoleAbilityText": "Falls du hingerichtet wirst, sterben alle bis auf 3 Spieler. Nach einem Countdown von 10 abw\u00E4rts stirbt derjenige, auf den die meisten Spieler zeigen.",
    "FirstNight": null,
    "OtherNights": null,
    "RoleType": 2
  },
  {
    "EnglishOriginalRoleName": "boffin",
    "RoleName": "Boffin",
    "RoleIconURL": "https://wiki.bloodontheclocktower.com/images/e/e0/Icon_boffin.png",
    "RoleAbilityText": "Der D\u00E4mon (selbst wenn er betrunken oder vergiftet ist) hat die F\u00E4higkeit eines nicht im Spiel befindlichen gute Charakters. Ihr wisst beide, welche.",
    "FirstNight": "Wake the Boffin and the Demon. Show the not-in-play good character token. Put the Boffin and the Demon to sleep.",
    "OtherNights": "",
    "RoleType": 2
  },
  {
    "EnglishOriginalRoleName": "fearmonger",
    "RoleName": "Fearmonger",
    "RoleIconURL": "https://wiki.bloodontheclocktower.com/images/1/11/Icon_fearmonger.png",
    "RoleAbilityText": "W\u00E4hle jede Nacht 1 Spieler: Falls du ihn nominierst \u0026 er hingerichtet wird, verliert sein Team. Alle erfahren, wenn du 1 neuen Spieler w\u00E4hlst.",
    "FirstNight": "The Fearmonger chooses a player. Declare that \u0022the Fearmonger has chosen a player.\u0022",
    "OtherNights": "The Fearmonger chooses a player. If the player wasn\u0027t already marked with the FEAR reminder, declare that \u0022the Fearmonger has chosen a player.\u0022",
    "RoleType": 2
  },
  {
    "EnglishOriginalRoleName": "goblin",
    "RoleName": "Goblin",
    "RoleIconURL": "https://wiki.bloodontheclocktower.com/images/e/e2/Icon_goblin.png",
    "RoleAbilityText": "Falls du \u00F6ffentlich verk\u00FCndest, der Goblin zu sein, w\u00E4hrend du nominiert bist, und am selben Tag hingerichtet wirst, gewinnt dein Team.",
    "FirstNight": null,
    "OtherNights": null,
    "RoleType": 2
  },
  {
    "EnglishOriginalRoleName": "harpy",
    "RoleName": "Harpy",
    "RoleIconURL": "https://wiki.bloodontheclocktower.com/images/d/d3/Icon_harpy.png",
    "RoleAbilityText": "W\u00E4hle jede Nacht 2 Spieler: Morgen ist der 1. Spieler \u0022besessen\u0022 davon, dass der 2. b\u00F6se ist, oder einer/beide von ihnen k\u00F6nnten sterben.",
    "FirstNight": "The Harpy chooses two players. Put the Harpy to sleep. Wake the 1st target. Show the THIS CHARACTER SELECTED YOU token, the Harpy token, then point to the 2nd target.",
    "OtherNights": "The Harpy chooses two players. Put the Harpy to sleep. Wake the 1st target. Show the THIS CHARACTER SELECTED YOU token, the Harpy token, then point to the 2nd target.",
    "RoleType": 2
  },
  {
    "EnglishOriginalRoleName": "marionette",
    "RoleName": "Marionette",
    "RoleIconURL": "https://wiki.bloodontheclocktower.com/images/c/cf/Icon_marionette.png",
    "RoleAbilityText": "Du denkst, dass du ein guter Charakter bist, aber das stimmt nicht. Der D\u00E4mon wei\u00DF, dass du die Marionette bist. [Der D\u00E4mon ist benachbart] ",
    "FirstNight": "Wake the Demon. Point to the player marked IS THE MARIONETTE and show the THIS PLAYER IS token and the Marionette character token.",
    "OtherNights": "",
    "RoleType": 2
  },
  {
    "EnglishOriginalRoleName": "mezepheles",
    "RoleName": "Mezepheles",
    "RoleIconURL": "https://wiki.bloodontheclocktower.com/images/f/f2/Icon_mezepheles.png",
    "RoleAbilityText": "Du kennst zu Beginn ein geheimes Wort. Der 1. gute Spieler, der dieses Wort sagt, wird in dieser Nacht b\u00F6se.",
    "FirstNight": "Show the written word.",
    "OtherNights": "If a player is marked with the TURNS EVIL reminder, wake them. Show the YOU ARE info token and a thumbs down. The Mezepheles loses their ability.",
    "RoleType": 2
  },
  {
    "EnglishOriginalRoleName": "organgrinder",
    "RoleName": "Organ Grinder",
    "RoleIconURL": "https://wiki.bloodontheclocktower.com/images/6/61/Icon_organgrinder.png",
    "RoleAbilityText": "Alle Spieler stimmen mit geschlossenen Augen ab \u0026 die Ausz\u00E4hlung ist geheim. W\u00E4hle jede Nacht neu, ob du betrunken bist oder nicht.",
    "FirstNight": "The Organ Grinder either nods their head yes to be drunk, or shakes their head to be sober.",
    "OtherNights": "The Organ Grinder either nods their head yes to be drunk, or shakes their head to be sober.",
    "RoleType": 2
  },
  {
    "EnglishOriginalRoleName": "psychopath",
    "RoleName": "Psychopath",
    "RoleIconURL": "https://wiki.bloodontheclocktower.com/images/a/a3/Icon_psychopath.png",
    "RoleAbilityText": "Jeden Tag, vor dem Nominieren, darfst du \u00F6ffentlich 1 Spieler w\u00E4hlen: Er stirbt. Falls du hingerichtet wirst, stirbst du nur, wenn du \u00ABStein-  Schere-Papier\u00BB verlierst. ",
    "FirstNight": null,
    "OtherNights": null,
    "RoleType": 2
  },
  {
    "EnglishOriginalRoleName": "summoner",
    "RoleName": "Summoner",
    "RoleIconURL": "https://wiki.bloodontheclocktower.com/images/1/1a/Icon_summoner.png",
    "RoleAbilityText": "Du erh\u00E4ltst 3 Bluffs. W\u00E4hle in der 3. Nacht 1 Spieler: Er wird zu einem b\u00F6sen D\u00E4mon deiner Wahl. [Kein D\u00E4mon] ",
    "FirstNight": "Show the THESE CHACTERS ARE NOT IN PLAY token. Show 3 not-in-play good chacter tokens.",
    "OtherNights": "Change the Summoner reminder token to the relevat night. If it is night 3, the Summoner chooses a player and a Demon. Put the Summoner to sleep. Wake the chosen player. Show the YOU ARE token, a thumbs down and the chosen Demon token.",
    "RoleType": 2
  },
  {
    "EnglishOriginalRoleName": "vizier",
    "RoleName": "Vizier",
    "RoleIconURL": "https://wiki.bloodontheclocktower.com/images/a/a4/Icon_vizier.png",
    "RoleAbilityText": "Alle wissen, dass du der Wesir bist. Du kannst w\u00E4hrend des Tages nicht sterben. Wenn Gute abgestimmt haben, darfst du sofort die Hinrichtung vollziehen.",
    "FirstNight": "Announce the Vizier player to the group.",
    "OtherNights": "",
    "RoleType": 2
  },
  {
    "EnglishOriginalRoleName": "widow",
    "RoleName": "Widow",
    "RoleIconURL": "https://wiki.bloodontheclocktower.com/images/9/99/Icon_widow.png",
    "RoleAbilityText": "In deiner 1. Nacht siehst du das Grimoire. W\u00E4hle 1 Spieler: Er ist vergiftet. 1 guter Spieler wei\u00DF, dass die Schwarze Witwe im Spiel ist.",
    "FirstNight": "Show the Grimoire for as long as the Widow needs. The Widow chooses a player.",
    "OtherNights": "",
    "RoleType": 2
  },
  {
    "EnglishOriginalRoleName": "damsel",
    "RoleName": "Damsel",
    "RoleIconURL": "https://wiki.bloodontheclocktower.com/images/d/dc/Icon_damsel.png",
    "RoleAbilityText": "Alle Schergen wissen, dass eine Unschuld im Spiel ist. Falls ein Scherge \u00F6ffentlich err\u00E4t (einmalig), wer du bist, verliert dein Team.",
    "FirstNight": "If the Damsel was chosen by the Huntsman, show them the YOU ARE info token and their new character token.",
    "OtherNights": "If the Damsel was chosen by the Huntsman, show them the YOU ARE info token and their new character token.",
    "RoleType": 1
  },
  {
    "EnglishOriginalRoleName": "golem",
    "RoleName": "Golem",
    "RoleIconURL": "https://wiki.bloodontheclocktower.com/images/2/2b/Icon_golem.png",
    "RoleAbilityText": "Du darfst nur einmal im Spiel nominieren. Falls du das tust, stirbt der Nominierte, wenn er nicht der D\u00E4mon ist.",
    "FirstNight": null,
    "OtherNights": null,
    "RoleType": 1
  },
  {
    "EnglishOriginalRoleName": "hatter",
    "RoleName": "Hatter",
    "RoleIconURL": "https://wiki.bloodontheclocktower.com/images/4/44/Icon_hatter.png",
    "RoleAbilityText": "Falls du heute am Tag oder in der Nacht gestorben bist, d\u00FCrfen die Schergen- \u0026 D\u00E4mon-Spieler neue Schergen- \u0026 D\u00E4mon-Charaktere w\u00E4hlen.",
    "FirstNight": "",
    "OtherNights": "If the Hatter died today or tonight, wake Minions and Demons, allow them to choose new characters.",
    "RoleType": 1
  },
  {
    "EnglishOriginalRoleName": "heretic",
    "RoleName": "Heretic",
    "RoleIconURL": "https://wiki.bloodontheclocktower.com/images/4/4a/Icon_heretic.png",
    "RoleAbilityText": "Wer gewinnt, verliert \u0026 wer verliert, gewinnt, sogar wenn du tot bist.",
    "FirstNight": null,
    "OtherNights": null,
    "RoleType": 1
  },
  {
    "EnglishOriginalRoleName": "ogre",
    "RoleName": "Ogre",
    "RoleIconURL": "https://wiki.bloodontheclocktower.com/images/2/25/Icon_ogre.png",
    "RoleAbilityText": "W\u00E4hle in deiner 1. Nacht 1 Spieler (nicht dich selbst): Du wechselst zu seiner Fraktion (du erf\u00E4hrst sie nicht), sogar wenn du betrunken oder vergiftet bist. ",
    "FirstNight": "The Ogre points to a player.",
    "OtherNights": "",
    "RoleType": 1
  },
  {
    "EnglishOriginalRoleName": "plaguedoctor",
    "RoleName": "Plague Doctor",
    "RoleIconURL": "https://wiki.bloodontheclocktower.com/images/e/e2/Icon_plaguedoctor.png",
    "RoleAbilityText": "Wenn du stirbst, erh\u00E4lt der Erz\u00E4hler eine Schergenf\u00E4higkeit.",
    "FirstNight": null,
    "OtherNights": null,
    "RoleType": 1
  },
  {
    "EnglishOriginalRoleName": "politician",
    "RoleName": "Politician",
    "RoleIconURL": "https://wiki.bloodontheclocktower.com/images/a/a3/Icon_politician.png",
    "RoleAbilityText": "Falls du hauptverantwortlich f\u00FCr die Niederlage deines Teams warst, wechselst du die Fraktion \u0026 gewinnst, sogar wenn du tot bist.",
    "FirstNight": null,
    "OtherNights": null,
    "RoleType": 1
  },
  {
    "EnglishOriginalRoleName": "puzzlemaster",
    "RoleName": "Puzzlemaster",
    "RoleIconURL": "https://wiki.bloodontheclocktower.com/images/7/7a/Icon_puzzlemaster.png",
    "RoleAbilityText": "1 Spieler ist betrunken, sogar wenn du stirbst. Falls du err\u00E4tst (1x), wer es ist, dann erf\u00E4hrst du, wer der D\u00E4mon ist. R\u00E4tst du falsch, erh\u00E4ltst du falsche Infos.",
    "FirstNight": null,
    "OtherNights": null,
    "RoleType": 1
  },
  {
    "EnglishOriginalRoleName": "snitch",
    "RoleName": "Snitch",
    "RoleIconURL": "https://wiki.bloodontheclocktower.com/images/c/c1/Icon_snitch.png",
    "RoleAbilityText": "Jeder Scherge erh\u00E4lt 3 Bluffs.",
    "FirstNight": "Wake each Minion. Show the THESE CHARACTERS ARE NOT IN PLAY token and three not-in-play character tokens. Put each Minion to sleep.",
    "OtherNights": "",
    "RoleType": 1
  },
  {
    "EnglishOriginalRoleName": "zealot",
    "RoleName": "Zealot",
    "RoleIconURL": "https://wiki.bloodontheclocktower.com/images/1/16/Icon_zealot.png",
    "RoleAbilityText": "Falls 5 oder mehr Spieler lebendig sind, musst du f\u00FCr jede Nominierung abstimmen. ",
    "FirstNight": null,
    "OtherNights": null,
    "RoleType": 1
  },
  {
    "EnglishOriginalRoleName": "acrobat",
    "RoleName": "Acrobat",
    "RoleIconURL": "https://wiki.bloodontheclocktower.com/images/b/b5/Icon_acrobat.png",
    "RoleAbilityText": "W\u00E4hle jede Nacht* 1 Spieler: Falls er heute Nacht betrunken oder vergiftet ist oder wird, stirbst du.",
    "FirstNight": "",
    "OtherNights": "The Acrobat chooses a player.",
    "RoleType": 0
  },
  {
    "EnglishOriginalRoleName": "alchemist",
    "RoleName": "Alchemist",
    "RoleIconURL": "https://wiki.bloodontheclocktower.com/images/5/54/Icon_alchemist.png",
    "RoleAbilityText": "Du hast die F\u00E4higkeit eines Schergen. Wenn du sie nutzt, k\u00F6nnte der Erz\u00E4hler dich auffordern, anders zu w\u00E4hlen.",
    "FirstNight": "Zeige das DU BIST Pl\u00E4ttchen und das Charakterpl\u00E4ttchen von einem Schergen",
    "OtherNights": "",
    "RoleType": 0
  },
  {
    "EnglishOriginalRoleName": "alsaahir",
    "RoleName": "Alsaahir",
    "RoleIconURL": "https://wiki.bloodontheclocktower.com/images/8/8e/Icon_alsaahir.png",
    "RoleAbilityText": "Jeden Tag, falls du \u00F6ffentlich err\u00E4tst, welche Spieler Scherge(n) und welche D\u00E4mon(en) sind, gewinnt Gut.",
    "FirstNight": null,
    "OtherNights": null,
    "RoleType": 0
  },
  {
    "EnglishOriginalRoleName": "amnesiac",
    "RoleName": "Amnesiac",
    "RoleIconURL": "https://wiki.bloodontheclocktower.com/images/2/26/Icon_amnesiac.png",
    "RoleAbilityText": "Du kennst deine F\u00E4higkeit nicht. Rate jeden Tag geheim beim Erz\u00E4hler, was es ist: Du erf\u00E4hrst, wie richtig du liegst.",
    "FirstNight": "Run the Amnesiac\u00C4s ability, if applicable.",
    "OtherNights": "Run the Amnesiac\u00C4s ability, if applicable.",
    "RoleType": 0
  },
  {
    "EnglishOriginalRoleName": "atheist",
    "RoleName": "Atheist",
    "RoleIconURL": "https://wiki.bloodontheclocktower.com/images/4/43/Icon_atheist.png",
    "RoleAbilityText": "Der Erz\u00E4hler kann die Spielregeln brechen. Falls der Erz\u00E4hler hingerichtet wird, gewinnt Gut, sogar wenn du tot bist. [Keine b\u00F6sen Charaktere] ",
    "FirstNight": null,
    "OtherNights": null,
    "RoleType": 0
  },
  {
    "EnglishOriginalRoleName": "balloonist",
    "RoleName": "Balloonist",
    "RoleIconURL": "https://wiki.bloodontheclocktower.com/images/c/cb/Icon_balloonist.png",
    "RoleAbilityText": "Jede Nacht erf\u00E4hrst du 1 Spieler eines anderen Charaktertyps als in der Nacht zuvor. [\u002B0 oder \u002B1 Au\u00DFenseiter] ",
    "FirstNight": "Show any player.",
    "OtherNights": "Show a player with a diffrent character type to previously.",
    "RoleType": 0
  },
  {
    "EnglishOriginalRoleName": "banshee",
    "RoleName": "Banshee",
    "RoleIconURL": "https://wiki.bloodontheclocktower.com/images/6/63/Icon_banshee.png",
    "RoleAbilityText": "Falls du vom D\u00E4mon get\u00F6tet wirst, erfahren das alle Spieler. Von nun an darfst du 2x pro Tag nominieren und 2x pro Nominierung abstimmen.",
    "FirstNight": "",
    "OtherNights": "If the Banshee was killed by the Demon tonight, announce to all players that the Banshee has died.",
    "RoleType": 0
  },
  {
    "EnglishOriginalRoleName": "bountyhunter",
    "RoleName": "Bounty Hunter",
    "RoleIconURL": "https://wiki.bloodontheclocktower.com/images/5/5b/Icon_bountyhunter.png",
    "RoleAbilityText": "Du kennst zu Beginn 1 b\u00F6sen Spieler. Falls dieser Spieler stirbt, lernst du in dieser Nacht einen anderen b\u00F6sen Spieler kennen. [1 B\u00FCrger ist b\u00F6se] ",
    "FirstNight": "Point to the KNOWN player.",
    "OtherNights": "If the KNOWN player died today or tonight, point to a new KNOWN player.",
    "RoleType": 0
  },
  {
    "EnglishOriginalRoleName": "cannibal",
    "RoleName": "Cannibal",
    "RoleIconURL": "https://wiki.bloodontheclocktower.com/images/8/8e/Icon_cannibal.png",
    "RoleAbilityText": "Du hast die F\u00E4higkeit des zuletzt hingerichteten Toten. Falls er b\u00F6se ist, bist du vergiftet, bis ein guter Spieler durch Hinrichtung stirbt.",
    "FirstNight": null,
    "OtherNights": null,
    "RoleType": 0
  },
  {
    "EnglishOriginalRoleName": "choirboy",
    "RoleName": "Choir Boy",
    "RoleIconURL": "https://wiki.bloodontheclocktower.com/images/d/d9/Icon_choirboy.png",
    "RoleAbilityText": "Falls der D\u00E4mon den K\u00F6nig t\u00F6tet, erf\u00E4hrst du, welcher Spieler der D\u00E4mon ist. [\u002B K\u00F6nig] ",
    "FirstNight": "",
    "OtherNights": "If the Demon killed the King, point to the Demon player.",
    "RoleType": 0
  },
  {
    "EnglishOriginalRoleName": "cultleader",
    "RoleName": "Cult Leader",
    "RoleIconURL": "https://wiki.bloodontheclocktower.com/images/6/6c/Icon_cultleader.png",
    "RoleAbilityText": "Du wechselst jede Nacht zur Fraktion eines lebendigen Nachbarn. Falls sich alle guten Spieler deinem Kult anschlie\u00DFen, gewinnt dein Team.",
    "FirstNight": "The Cult Leader might change alignment. If so, show the YOU ARE info token and a thumbs up or down for their new alignment.",
    "OtherNights": "The Cult Leader might change alignment. If so, show the YOU ARE info token and a thumbs up or down for their new alignment.",
    "RoleType": 0
  },
  {
    "EnglishOriginalRoleName": "engineer",
    "RoleName": "Engineer",
    "RoleIconURL": "https://wiki.bloodontheclocktower.com/images/b/b9/Icon_engineer.png",
    "RoleAbilityText": "Einmal im Spiel, in der Nacht, w\u00E4hle, welche Schergen oder welcher D\u00E4mon im Spiel sind.",
    "FirstNight": "The Engineer might choose Minions or Demons. If they do: Put the Engineer to sleep. Wake a target, show them the YOU ARE token and their new character token, then put that target to sleep. Repeat for all players that changes characters.",
    "OtherNights": "The Engineer might choose Minions or Demons. If they do: Put the Engineer to sleep. Wake a target, show them the YOU ARE token and their new character token, then put that target to sleep. Repeat for all players that changes characters.",
    "RoleType": 0
  },
  {
    "EnglishOriginalRoleName": "farmer",
    "RoleName": "Farmer",
    "RoleIconURL": "https://wiki.bloodontheclocktower.com/images/f/fe/Icon_farmer.png",
    "RoleAbilityText": "Falls du in der Nacht stirbst, wird 1 lebendiger guter Spieler ein Bauer.",
    "FirstNight": "",
    "OtherNights": "If the Farmer died tonight, wake an alive good player. Show them the YOU ARE info token and a Farmer character token. Replace their previous token with the Farmer token.",
    "RoleType": 0
  },
  {
    "EnglishOriginalRoleName": "fisherman",
    "RoleName": "Fisherman",
    "RoleIconURL": "https://wiki.bloodontheclocktower.com/images/1/19/Icon_fisherman.png",
    "RoleAbilityText": "Einmal im Spiel, w\u00E4hrend des Tages, hole dir vom Erz\u00E4hler einen Ratschlag ab, der dein Team dem Sieg n\u00E4her bringt.",
    "FirstNight": null,
    "OtherNights": null,
    "RoleType": 0
  },
  {
    "EnglishOriginalRoleName": "general",
    "RoleName": "General",
    "RoleIconURL": "https://wiki.bloodontheclocktower.com/images/9/99/Icon_general.png",
    "RoleAbilityText": "Jede Nacht erf\u00E4hrst du, welche Fraktion der Einsch\u00E4tzung des Erz\u00E4hlers nach eher gewinnt: Gut, B\u00F6se oder keine von beiden.",
    "FirstNight": "Give a tumb signal.",
    "OtherNights": "Give a tumb signal.",
    "RoleType": 0
  },
  {
    "EnglishOriginalRoleName": "highpriestess",
    "RoleName": "High Priestess",
    "RoleIconURL": "https://wiki.bloodontheclocktower.com/images/6/63/Icon_highpriestess.png",
    "RoleAbilityText": "Jede Nacht erf\u00E4hrst du, mit welchem Spieler du der Einsch\u00E4tzung des Erz\u00E4hlers nach am ehesten reden solltest.",
    "FirstNight": "Point to a player.",
    "OtherNights": "Point to a player.",
    "RoleType": 0
  },
  {
    "EnglishOriginalRoleName": "huntsman",
    "RoleName": "Huntsman",
    "RoleIconURL": "https://wiki.bloodontheclocktower.com/images/a/a1/Icon_huntsman.png",
    "RoleAbilityText": "Einmal im Spiel, in der Nacht, w\u00E4hle 1 lebendigen Spieler: Falls er die Unschuld ist, wird er zu einem nicht im Spiel befindlichen B\u00FCrger. [\u002BUnschuld] ",
    "FirstNight": "The Huntsman might choose a player. If that player was the Damsel: Put the Huntsman to sleep. Wake the Damsel and show them the YOU ARE info token and their new character token.",
    "OtherNights": "The Huntsman might choose a player. If that player was the Damsel: Put the Huntsman to sleep. Wake the Damsel and show them the YOU ARE info token and their new character token.",
    "RoleType": 0
  },
  {
    "EnglishOriginalRoleName": "king",
    "RoleName": "King",
    "RoleIconURL": "https://wiki.bloodontheclocktower.com/images/d/dc/Icon_king.png",
    "RoleAbilityText": "Jede Nacht, falls es nicht mehr lebendige als tote Spieler gibt, erf\u00E4hrst du 1 lebendigen Charakter. Der D\u00E4mon wei\u00DF, dass du der K\u00F6nig bist.",
    "FirstNight": "Wake the Demon. Show the THIS PLAYER IS token and the King token, then point to the King.",
    "OtherNights": "If the dead qual or outnumber the living, show the character token of an alive player.",
    "RoleType": 0
  },
  {
    "EnglishOriginalRoleName": "knight",
    "RoleName": "Knight",
    "RoleIconURL": "https://wiki.bloodontheclocktower.com/images/8/8e/Icon_knight.png",
    "RoleAbilityText": "Du kennst zu Beginn 2 Spieler, die nicht der D\u00E4mon sind.",
    "FirstNight": "Point to the two non-Demon players marked KNOW.",
    "OtherNights": "",
    "RoleType": 0
  },
  {
    "EnglishOriginalRoleName": "lycanthrope",
    "RoleName": "Lycanthrope",
    "RoleIconURL": "https://wiki.bloodontheclocktower.com/images/9/92/Icon_lycanthrope.png",
    "RoleAbilityText": "W\u00E4hle jede Nacht* 1 lebendigen Spieler: Falls er gut ist, stirbt er \u0026 der D\u00E4mon t\u00F6tet heute Nacht nicht. 1 guter Spieler erscheint als b\u00F6se.",
    "FirstNight": "",
    "OtherNights": "The Lycanthrope chooses a player.",
    "RoleType": 0
  },
  {
    "EnglishOriginalRoleName": "magician",
    "RoleName": "Magician",
    "RoleIconURL": "https://wiki.bloodontheclocktower.com/images/9/93/Icon_magician.png",
    "RoleAbilityText": "Der D\u00E4mon glaubt, dass du ein Scherge bist. Die Schergen glauben, dass du ein D\u00E4mon bist.",
    "FirstNight": "Include the Madician in the Minion and Demon Info steps.",
    "OtherNights": "",
    "RoleType": 0
  },
  {
    "EnglishOriginalRoleName": "nightwatchman",
    "RoleName": "Nightwatchman",
    "RoleIconURL": "https://wiki.bloodontheclocktower.com/images/f/f0/Icon_nightwatchman.png",
    "RoleAbilityText": "Einmal im Spiel, in der Nacht, w\u00E4hle 1 Spieler: Er erf\u00E4hrt, dass du der Nachtw\u00E4chter bist.",
    "FirstNight": "The Nightwatchman might choose a player. Put the Nightwatchman to sleep. Wake the target and show the THIS PLAYER IS and Nightwatchman tokens and point to the Nightwatchman.",
    "OtherNights": "The Nightwatchman might choose a player. Put the Nightwatchman to sleep. Wake the target and show the THIS PLAYER IS and Nightwatchman tokens and point to the Nightwatchman.",
    "RoleType": 0
  },
  {
    "EnglishOriginalRoleName": "noble",
    "RoleName": "Noble",
    "RoleIconURL": "https://wiki.bloodontheclocktower.com/images/c/cc/Icon_noble.png",
    "RoleAbilityText": "Du wei\u00DFt zu Beginn von 3 Spielern, dass genau 1 von ihnen b\u00F6se ist.",
    "FirstNight": "Point to all the players marked KNOW.",
    "OtherNights": "",
    "RoleType": 0
  },
  {
    "EnglishOriginalRoleName": "pixie",
    "RoleName": "Pixie",
    "RoleIconURL": "https://wiki.bloodontheclocktower.com/images/d/d5/Icon_pixie.png",
    "RoleAbilityText": "Du kennst zu Beginn 1 im Spiel befindlichen B\u00FCrger. Falls du \u0022besessen\u0022 davon warst, dieser B\u00FCrger zu sein, erh\u00E4ltst du seine F\u00E4higkeit, wenn er stirbt. ",
    "FirstNight": "Show the Townsfolk character token marked MAD.",
    "OtherNights": "",
    "RoleType": 0
  },
  {
    "EnglishOriginalRoleName": "poppygrower",
    "RoleName": "Poppy Grower",
    "RoleIconURL": "https://wiki.bloodontheclocktower.com/images/9/91/Icon_poppygrower.png",
    "RoleAbilityText": "Schergen \u0026 D\u00E4monen kennen einander nicht. Falls du stirbst, erfahren sie in dieser Nacht, wer die anderen sind.",
    "FirstNight": "Do not do the Minion Info and Demon Info steps. Wake the Demon, show the THESE CHARACTERS ARE NOT IN PLAY info token and any three good chacater tokens that are not in play.",
    "OtherNights": "If the Poppy Grower died today or tonight, wake the Minions, show the THIS IS THE DEMON info token and point to the Demon. Put them to sleep. Wake the Demon, show the THESE ARE YOUR MINIONS info token and point to the Minions. Put the Demon to Sleep.",
    "RoleType": 0
  },
  {
    "EnglishOriginalRoleName": "preacher",
    "RoleName": "Preacher",
    "RoleIconURL": "https://wiki.bloodontheclocktower.com/images/8/82/Icon_preacher.png",
    "RoleAbilityText": "W\u00E4hle jede Nacht 1 Spieler: Falls er ein Scherge ist, erf\u00E4hrt er das. Alle gew\u00E4hlten Schergen haben keine F\u00E4higkeit.",
    "FirstNight": "The Preacher chooses a player. If the chose a Minion: Put the Preacher to sleep. Wake the target. Show the THIS CHARACTER SELECTED YOU token and the Preacher token.",
    "OtherNights": "The Preacher chooses a player. If the chose a Minion: Put the Preacher to sleep. Wake the target. Show the THIS CHARACTER SELECTED YOU token and the Preacher token.",
    "RoleType": 0
  },
  {
    "EnglishOriginalRoleName": "shugenja",
    "RoleName": "Shugenja",
    "RoleIconURL": "https://wiki.bloodontheclocktower.com/images/1/11/Icon_shugenja.png",
    "RoleAbilityText": "Du wei\u00DFt zu Beginn, ob der dir n\u00E4chste b\u00F6se Spieler im oder gegen den Uhrzeigersinn sitzt. Bei gleicher Entfernung ist diese Info willk\u00FCrlich.",
    "FirstNight": "Point clockwise or anticlockwise around the circle.",
    "OtherNights": "",
    "RoleType": 0
  },
  {
    "EnglishOriginalRoleName": "steward",
    "RoleName": "Steward",
    "RoleIconURL": "https://wiki.bloodontheclocktower.com/images/f/fe/Icon_steward.png",
    "RoleAbilityText": "Du kennst zu Beginn 1 guten Spieler.",
    "FirstNight": "Point to the good player marked KNOW.",
    "OtherNights": "",
    "RoleType": 0
  },
  {
    "EnglishOriginalRoleName": "villageidiot",
    "RoleName": "Village Idiot",
    "RoleIconURL": "https://wiki.bloodontheclocktower.com/images/d/da/Icon_villageidiot.png",
    "RoleAbilityText": "W\u00E4hle jede Nacht 1 Spieler: Du erf\u00E4hrst seine Fraktion. [\u002B0 bis \u002B2 Dorftrottel. 1 der zus\u00E4tzlichen ist betrunken] ",
    "FirstNight": "Choose a Village Idiot to be drunk. Wake the Village Ifiots one at a time, the choose a player, show either good or evil thumbs according to the alignment of that player.",
    "OtherNights": "Choose a Village Idiot to be drunk. Wake the Village Ifiots one at a time, the choose a player, show either good or evil thumbs according to the alignment of that player.",
    "RoleType": 0
  },
  {
    "EnglishOriginalRoleName": "xaan",
    "RoleName": "Xaan",
    "RoleIconURL": "https://wiki.bloodontheclocktower.com/images/0/0c/Icon_xaan.png",
    "RoleAbilityText": "In Nacht X, sind alle B\u00FCrger betrunken bis zur Morgend\u00E4mmerung. [X Au\u00DFenseiter]",
    "FirstNight": "Mark the Xaan with the NIGHT 1 reminder. If X is 1, mark the Xaan with the X reminder token.",
    "OtherNights": "Change the Xaan reminder token to the relevant night. If it is night X, mark the Xaan with the X reminder token.",
    "RoleType": 2
  },
  {
    "EnglishOriginalRoleName": "wizard",
    "RoleName": "Wizard",
    "RoleIconURL": "https://wiki.bloodontheclocktower.com/images/b/b5/Icon_wizard.png",
    "RoleAbilityText": "Einmal im Spiel kannst du einen Wunsch \u00E4u\u00DFern. Falls er erf\u00FCllt wird, k\u00F6nnte er einen Preis kosten \u0026 einen Hinweis auf seine Art geben.",
    "FirstNight": "Run the Wizard\u0027s ability, if applicable.",
    "OtherNights": "Run the Wizard\u0027s ability, if applicable.",
    "RoleType": 2
  },
  {
    "EnglishOriginalRoleName": "bootlegger",
    "RoleName": "Bootlegger",
    "RoleIconURL": "https://wiki.bloodontheclocktower.com/images/0/08/Icon_bootlegger.png",
    "RoleAbilityText": "Dieses Szenario enth\u00E4lt selbst erstellte Charaktere oder Regeln.",
    "FirstNight": null,
    "OtherNights": null,
    "RoleType": 5
  },
  {
    "EnglishOriginalRoleName": "ferryman",
    "RoleName": "Ferryman",
    "RoleIconURL": "https://wiki.bloodontheclocktower.com/images/8/8f/Icon_ferryman.png",
    "RoleAbilityText": "Am finalen Tag erhalten alle toten Spieler ihr Abstimmungspl\u00E4ttchen zur\u00FCck.",
    "FirstNight": null,
    "OtherNights": null,
    "RoleType": 5
  },
  {
    "EnglishOriginalRoleName": "gardener",
    "RoleName": "Gardener",
    "RoleIconURL": "https://wiki.bloodontheclocktower.com/images/5/5c/Icon_gardener.png",
    "RoleAbilityText": "Der Erz\u00E4hler weist 1 oder mehreren Spielern ihren Charakter zu.",
    "FirstNight": null,
    "OtherNights": null,
    "RoleType": 5
  },
  {
    "EnglishOriginalRoleName": "stormcatcher",
    "RoleName": "Storm Catcher",
    "RoleIconURL": "https://wiki.bloodontheclocktower.com/images/0/08/Icon_stormcatcher.png",
    "RoleAbilityText": "Nenne 1 guten Charakter. Falls er im Spiel ist, kann er nur durch Hinrichtung sterben, aber b\u00F6se Spieler erfahren, welcher Spieler er ist.",
    "FirstNight": null,
    "OtherNights": null,
    "RoleType": 5
  },
  {
    "EnglishOriginalRoleName": "gangster",
    "RoleName": "Gangster",
    "RoleIconURL": "https://wiki.bloodontheclocktower.com/images/a/a5/Icon_gangster.png",
    "RoleAbilityText": "Einmal pro Tag darfst du 1 deiner lebendigen Nachbarn t\u00F6ten, wenn dein anderer lebendiger Nachbar zustimmt.",
    "FirstNight": null,
    "OtherNights": null,
    "RoleType": 0
  },
  {
    "EnglishOriginalRoleName": "gnome",
    "RoleName": "Gnome",
    "RoleIconURL": "https://wiki.bloodontheclocktower.com/images/e/e0/Icon_gnome.png",
    "RoleAbilityText": "Alle Spieler kennen zu Beginn einen Spieler von deiner Fraktion. Du darfst jeden Spieler t\u00F6ten, der diesen nominiert.",
    "FirstNight": null,
    "OtherNights": null,
    "RoleType": 0
  },
  {
    "EnglishOriginalRoleName": " ",
    "RoleName": "Abendd\u00E4mmerung",
    "RoleIconURL": " ",
    "RoleAbilityText": "",
    "FirstNight": "Vergewissere dich, dass alle Augen geschlossen sind. Einige Reisende \u0026 Legenden handeln.",
    "OtherNights": "Vergewissere dich, dass alle Augen geschlossen sind. Einige Reisende \u0026 Legenden handeln.",
    "RoleType": -1
  },
  {
    "EnglishOriginalRoleName": " ",
    "RoleName": "Morgend\u00E4mmerung",
    "RoleIconURL": " ",
    "RoleAbilityText": "",
    "FirstNight": "Warte ein paar Sekunden. Dann wecke alle Spieler.",
    "OtherNights": "Warte ein paar Sekunden. Dann wecke alle Spieler.",
    "RoleType": -1
  },
  {
    "EnglishOriginalRoleName": " ",
    "RoleName": "Schergen Info",
    "RoleIconURL": " ",
    "RoleAbilityText": "",
    "FirstNight": "Falls 7 oder mehr Spieler mitspielen, wecke alle Schergen: Zeige das DIES IST DER D\u00C4MON Pl\u00E4ttchen. Zeige auf den D\u00E4mon.",
    "OtherNights": "",
    "RoleType": -1
  },
  {
    "EnglishOriginalRoleName": " ",
    "RoleName": "D\u00E4mon Info",
    "RoleIconURL": " ",
    "RoleAbilityText": "",
    "FirstNight": "Falls 7 oder mehr Spieler mitspielen, wecke den D\u00E4mon: Zeige das DIES SIND DEINE SCHERGEN Pl\u00E4ttchen. Zeige auf alle Schergen. Zeige das DIESE CHARAKTERE SIND NICHT IM SPIEL Pl\u00E4ttchen. Zeige 3 nicht im Spiel befindliche gute Charakterpl\u00E4ttchen.",
    "OtherNights": "",
    "RoleType": -1
  }
]